-- MySQL dump 10.13  Distrib 8.0.27, for Linux (x86_64)
--
-- Host: backupper-20220914-mysqle-0003xv.cry08i8vdla5.us-east-1.rds.amazonaws.com    Database: k1z-22
-- ------------------------------------------------------
-- Server version	8.0.23

/*!40101 SET @OLD_CHARACTER_SET_CLIENT=@@CHARACTER_SET_CLIENT */;
/*!40101 SET @OLD_CHARACTER_SET_RESULTS=@@CHARACTER_SET_RESULTS */;
/*!40101 SET @OLD_COLLATION_CONNECTION=@@COLLATION_CONNECTION */;
/*!50503 SET NAMES utf8mb4 */;
/*!40103 SET @OLD_TIME_ZONE=@@TIME_ZONE */;
/*!40103 SET TIME_ZONE='+00:00' */;
/*!40014 SET @OLD_UNIQUE_CHECKS=@@UNIQUE_CHECKS, UNIQUE_CHECKS=0 */;
/*!40014 SET @OLD_FOREIGN_KEY_CHECKS=@@FOREIGN_KEY_CHECKS, FOREIGN_KEY_CHECKS=0 */;
/*!40101 SET @OLD_SQL_MODE=@@SQL_MODE, SQL_MODE='NO_AUTO_VALUE_ON_ZERO' */;
/*!40111 SET @OLD_SQL_NOTES=@@SQL_NOTES, SQL_NOTES=0 */;

--
-- Table structure for table `failed_jobs`
--

DROP TABLE IF EXISTS `failed_jobs`;
/*!40101 SET @saved_cs_client     = @@character_set_client */;
/*!50503 SET character_set_client = utf8mb4 */;
CREATE TABLE `failed_jobs` (
  `id` bigint unsigned NOT NULL AUTO_INCREMENT,
  `connection` text CHARACTER SET utf8mb4 COLLATE utf8mb4_unicode_ci NOT NULL,
  `queue` text CHARACTER SET utf8mb4 COLLATE utf8mb4_unicode_ci NOT NULL,
  `payload` longtext CHARACTER SET utf8mb4 COLLATE utf8mb4_unicode_ci NOT NULL,
  `exception` longtext CHARACTER SET utf8mb4 COLLATE utf8mb4_unicode_ci NOT NULL,
  `failed_at` timestamp NOT NULL DEFAULT CURRENT_TIMESTAMP,
  PRIMARY KEY (`id`)
) ENGINE=InnoDB DEFAULT CHARSET=utf8mb4 COLLATE=utf8mb4_unicode_ci;
/*!40101 SET character_set_client = @saved_cs_client */;

--
-- Dumping data for table `failed_jobs`
--

LOCK TABLES `failed_jobs` WRITE;
/*!40000 ALTER TABLE `failed_jobs` DISABLE KEYS */;
set autocommit=0;
/*!40000 ALTER TABLE `failed_jobs` ENABLE KEYS */;
UNLOCK TABLES;
commit;

--
-- Table structure for table `images`
--

DROP TABLE IF EXISTS `images`;
/*!40101 SET @saved_cs_client     = @@character_set_client */;
/*!50503 SET character_set_client = utf8mb4 */;
CREATE TABLE `images` (
  `id` bigint unsigned NOT NULL AUTO_INCREMENT,
  `inventory_id` bigint unsigned NOT NULL,
  `src` text CHARACTER SET utf8mb4 COLLATE utf8mb4_unicode_ci NOT NULL,
  `created_at` timestamp NULL DEFAULT NULL,
  `updated_at` timestamp NULL DEFAULT NULL,
  PRIMARY KEY (`id`),
  KEY `images_inventory_id_foreign` (`inventory_id`),
  CONSTRAINT `images_inventory_id_foreign` FOREIGN KEY (`inventory_id`) REFERENCES `inventory` (`id`)
) ENGINE=InnoDB AUTO_INCREMENT=11046 DEFAULT CHARSET=utf8mb4 COLLATE=utf8mb4_unicode_ci;
/*!40101 SET character_set_client = @saved_cs_client */;

--
-- Dumping data for table `images`
--

LOCK TABLES `images` WRITE;
/*!40000 ALTER TABLE `images` DISABLE KEYS */;
set autocommit=0;
INSERT INTO `images` VALUES (5511,598,'6133dd099ac7b.webp','2021-09-04 20:54:33','2021-09-04 20:54:33'),(5512,598,'6133dd099c872.webp','2021-09-04 20:54:33','2021-09-04 20:54:33'),(5513,598,'6133dd099e384.webp','2021-09-04 20:54:33','2021-09-04 20:54:33'),(5514,598,'6133dd099faa2.webp','2021-09-04 20:54:33','2021-09-04 20:54:33'),(5515,598,'6133dd09a15e8.webp','2021-09-04 20:54:33','2021-09-04 20:54:33'),(5516,598,'6133dd09a2c2f.webp','2021-09-04 20:54:33','2021-09-04 20:54:33'),(5517,598,'6133dd09a436f.webp','2021-09-04 20:54:33','2021-09-04 20:54:33'),(5518,598,'6133dd09a59ce.webp','2021-09-04 20:54:33','2021-09-04 20:54:33'),(5519,598,'6133dd09a7069.webp','2021-09-04 20:54:33','2021-09-04 20:54:33'),(5520,598,'6133dd09a864e.webp','2021-09-04 20:54:33','2021-09-04 20:54:33'),(5521,598,'6133dd09a9f70.webp','2021-09-04 20:54:33','2021-09-04 20:54:33'),(5522,598,'6133dd09abc56.webp','2021-09-04 20:54:33','2021-09-04 20:54:33'),(5523,598,'6133dd09ad7a2.webp','2021-09-04 20:54:33','2021-09-04 20:54:33'),(5524,598,'6133dd09aee50.webp','2021-09-04 20:54:33','2021-09-04 20:54:33'),(5525,598,'6133dd09b0616.webp','2021-09-04 20:54:33','2021-09-04 20:54:33'),(5526,598,'6133dd09b1c8f.webp','2021-09-04 20:54:33','2021-09-04 20:54:33'),(5527,598,'6133dd09b326f.webp','2021-09-04 20:54:33','2021-09-04 20:54:33'),(5528,598,'6133dd09b488f.webp','2021-09-04 20:54:33','2021-09-04 20:54:33'),(6920,708,'61ca130c8cb8d.jpg','2021-12-27 19:25:00','2021-12-27 19:25:00'),(6921,708,'61ca130c90bc2.jpg','2021-12-27 19:25:00','2021-12-27 19:25:00'),(6922,708,'61ca130c95024.jpg','2021-12-27 19:25:00','2021-12-27 19:25:00'),(6923,708,'61ca130c9dcfa.jpg','2021-12-27 19:25:00','2021-12-27 19:25:00'),(6924,708,'61ca130ca382d.jpg','2021-12-27 19:25:00','2021-12-27 19:25:00'),(6925,708,'61ca130ca4f46.jpg','2021-12-27 19:25:00','2021-12-27 19:25:00'),(6926,708,'61ca130ca6b0d.jpg','2021-12-27 19:25:00','2021-12-27 19:25:00'),(6927,708,'61ca130ca8b88.jpg','2021-12-27 19:25:00','2021-12-27 19:25:00'),(6928,708,'61ca130cad374.jpg','2021-12-27 19:25:00','2021-12-27 19:25:00'),(6929,708,'61ca130cb13be.jpg','2021-12-27 19:25:00','2021-12-27 19:25:00'),(6930,708,'61ca130cb5bc7.jpg','2021-12-27 19:25:00','2021-12-27 19:25:00'),(6931,708,'61ca130cb81a8.jpg','2021-12-27 19:25:00','2021-12-27 19:25:00'),(6932,708,'61ca130cb99a4.jpg','2021-12-27 19:25:00','2021-12-27 19:25:00'),(6933,708,'61ca130cbb1ee.jpg','2021-12-27 19:25:00','2021-12-27 19:25:00'),(7482,682,'61eb13179eaa2.webp','2022-01-21 20:09:59','2022-01-21 20:09:59'),(7483,682,'61eb13179f828.webp','2022-01-21 20:09:59','2022-01-21 20:09:59'),(7484,682,'61eb1317a0794.webp','2022-01-21 20:09:59','2022-01-21 20:09:59'),(7485,682,'61eb1317a15b2.webp','2022-01-21 20:09:59','2022-01-21 20:09:59'),(7486,682,'61eb1317a2208.webp','2022-01-21 20:09:59','2022-01-21 20:09:59'),(7487,682,'61eb1317a36d0.webp','2022-01-21 20:09:59','2022-01-21 20:09:59'),(7488,682,'61eb1317a45db.webp','2022-01-21 20:09:59','2022-01-21 20:09:59'),(7489,682,'61eb1317a5328.webp','2022-01-21 20:09:59','2022-01-21 20:09:59'),(7490,682,'61eb1317a5e2b.webp','2022-01-21 20:09:59','2022-01-21 20:09:59'),(7491,682,'61eb1317a69cd.webp','2022-01-21 20:09:59','2022-01-21 20:09:59'),(7492,682,'61eb1317a778c.webp','2022-01-21 20:09:59','2022-01-21 20:09:59'),(7493,682,'61eb1317a8260.webp','2022-01-21 20:09:59','2022-01-21 20:09:59'),(7494,682,'61eb1317a8e23.webp','2022-01-21 20:09:59','2022-01-21 20:09:59'),(7495,682,'61eb1317a98f5.webp','2022-01-21 20:09:59','2022-01-21 20:09:59'),(7496,682,'61eb1317aa4a4.webp','2022-01-21 20:09:59','2022-01-21 20:09:59'),(7497,682,'61eb1317ab1ba.webp','2022-01-21 20:09:59','2022-01-21 20:09:59'),(7498,682,'61eb1317ac138.webp','2022-01-21 20:09:59','2022-01-21 20:09:59'),(8099,781,'6228dd1bef2cb.webp','2022-03-09 17:00:11','2022-03-09 17:00:11'),(8100,781,'6228dd1bf09ae.webp','2022-03-09 17:00:11','2022-03-09 17:00:11'),(8101,781,'6228dd1bf1c29.webp','2022-03-09 17:00:11','2022-03-09 17:00:11'),(8102,781,'6228dd1bf2c62.webp','2022-03-09 17:00:11','2022-03-09 17:00:11'),(8103,781,'6228dd1bf39e3.webp','2022-03-09 17:00:11','2022-03-09 17:00:11'),(8104,781,'6228dd1c005cf.webp','2022-03-09 17:00:12','2022-03-09 17:00:12'),(8105,781,'6228dd1c01331.webp','2022-03-09 17:00:12','2022-03-09 17:00:12'),(8106,781,'6228dd1c021c1.webp','2022-03-09 17:00:12','2022-03-09 17:00:12'),(8107,781,'6228dd1c030d1.webp','2022-03-09 17:00:12','2022-03-09 17:00:12'),(8108,781,'6228dd1c03e1c.webp','2022-03-09 17:00:12','2022-03-09 17:00:12'),(8109,781,'6228dd1c04c72.webp','2022-03-09 17:00:12','2022-03-09 17:00:12'),(8110,781,'6228dd1c05938.webp','2022-03-09 17:00:12','2022-03-09 17:00:12'),(8111,781,'6228dd1c06639.webp','2022-03-09 17:00:12','2022-03-09 17:00:12'),(8112,781,'6228dd1c0c401.webp','2022-03-09 17:00:12','2022-03-09 17:00:12'),(8173,787,'622a54f480dde.webp','2022-03-10 19:43:48','2022-03-10 19:43:48'),(8174,787,'622a54f481c4f.webp','2022-03-10 19:43:48','2022-03-10 19:43:48'),(8175,787,'622a54f482938.webp','2022-03-10 19:43:48','2022-03-10 19:43:48'),(8176,787,'622a54f48345b.webp','2022-03-10 19:43:48','2022-03-10 19:43:48'),(8177,787,'622a54f483fd0.webp','2022-03-10 19:43:48','2022-03-10 19:43:48'),(8178,787,'622a54f484d96.webp','2022-03-10 19:43:48','2022-03-10 19:43:48'),(8179,787,'622a54f485899.webp','2022-03-10 19:43:48','2022-03-10 19:43:48'),(8180,787,'622a54f48669d.webp','2022-03-10 19:43:48','2022-03-10 19:43:48'),(8181,787,'622a54f487329.webp','2022-03-10 19:43:48','2022-03-10 19:43:48'),(8182,787,'622a54f487f8a.webp','2022-03-10 19:43:48','2022-03-10 19:43:48'),(8183,787,'622a54f488aee.webp','2022-03-10 19:43:48','2022-03-10 19:43:48'),(8184,787,'622a54f4896d5.webp','2022-03-10 19:43:48','2022-03-10 19:43:48'),(8185,787,'622a54f48a36c.webp','2022-03-10 19:43:48','2022-03-10 19:43:48'),(8186,787,'622a54f48af34.webp','2022-03-10 19:43:48','2022-03-10 19:43:48'),(8187,787,'622a54f48bafd.webp','2022-03-10 19:43:48','2022-03-10 19:43:48'),(8188,787,'622a54f48c6be.webp','2022-03-10 19:43:48','2022-03-10 19:43:48'),(8204,783,'622bad816e3ee.webp','2022-03-11 20:13:53','2022-03-11 20:13:53'),(8205,783,'622bad816f224.webp','2022-03-11 20:13:53','2022-03-11 20:13:53'),(8206,783,'622bad8170262.webp','2022-03-11 20:13:53','2022-03-11 20:13:53'),(8207,783,'622bad817233c.webp','2022-03-11 20:13:53','2022-03-11 20:13:53'),(8208,783,'622bad8172f43.webp','2022-03-11 20:13:53','2022-03-11 20:13:53'),(8209,783,'622bad8173c3e.webp','2022-03-11 20:13:53','2022-03-11 20:13:53'),(8210,783,'622bad817485f.webp','2022-03-11 20:13:53','2022-03-11 20:13:53'),(8211,783,'622bad8175651.webp','2022-03-11 20:13:53','2022-03-11 20:13:53'),(8212,783,'622bad817627b.webp','2022-03-11 20:13:53','2022-03-11 20:13:53'),(8213,783,'622bad81770a3.webp','2022-03-11 20:13:53','2022-03-11 20:13:53'),(8214,783,'622bad8177f55.webp','2022-03-11 20:13:53','2022-03-11 20:13:53'),(8215,783,'622bad817900b.webp','2022-03-11 20:13:53','2022-03-11 20:13:53'),(8216,783,'622bad8179d2f.webp','2022-03-11 20:13:53','2022-03-11 20:13:53'),(8217,783,'622bad817a97d.webp','2022-03-11 20:13:53','2022-03-11 20:13:53'),(8218,783,'622bad817b6e9.webp','2022-03-11 20:13:53','2022-03-11 20:13:53'),(8321,798,'623207be757e1.webp','2022-03-16 15:52:30','2022-03-16 15:52:30'),(8322,798,'623207be76c55.webp','2022-03-16 15:52:30','2022-03-16 15:52:30'),(8323,798,'623207be77a42.webp','2022-03-16 15:52:30','2022-03-16 15:52:30'),(8324,798,'623207be78774.webp','2022-03-16 15:52:30','2022-03-16 15:52:30'),(8325,798,'623207be7944b.webp','2022-03-16 15:52:30','2022-03-16 15:52:30'),(8326,798,'623207be7a0eb.webp','2022-03-16 15:52:30','2022-03-16 15:52:30'),(8327,798,'623207be7afac.webp','2022-03-16 15:52:30','2022-03-16 15:52:30'),(8328,798,'623207be7bd89.webp','2022-03-16 15:52:30','2022-03-16 15:52:30'),(8329,798,'623207be7d483.webp','2022-03-16 15:52:30','2022-03-16 15:52:30'),(8330,798,'623207be7e32b.webp','2022-03-16 15:52:30','2022-03-16 15:52:30'),(8331,798,'623207be7f0f6.webp','2022-03-16 15:52:30','2022-03-16 15:52:30'),(8332,798,'623207be7fef1.webp','2022-03-16 15:52:30','2022-03-16 15:52:30'),(8333,798,'623207be80c32.webp','2022-03-16 15:52:30','2022-03-16 15:52:30'),(8334,798,'623207be81887.webp','2022-03-16 15:52:30','2022-03-16 15:52:30'),(8350,802,'6234f6b8a8031.webp','2022-03-18 21:16:40','2022-03-18 21:16:40'),(8351,802,'6234f6b8a8ffa.webp','2022-03-18 21:16:40','2022-03-18 21:16:40'),(8352,802,'6234f6b8a9e51.webp','2022-03-18 21:16:40','2022-03-18 21:16:40'),(8353,802,'6234f6b8aacbc.webp','2022-03-18 21:16:40','2022-03-18 21:16:40'),(8354,802,'6234f6b8abfe9.webp','2022-03-18 21:16:40','2022-03-18 21:16:40'),(8355,802,'6234f6b8acee6.webp','2022-03-18 21:16:40','2022-03-18 21:16:40'),(8356,802,'6234f6b8add6e.webp','2022-03-18 21:16:40','2022-03-18 21:16:40'),(8357,802,'6234f6b8aec98.webp','2022-03-18 21:16:40','2022-03-18 21:16:40'),(8358,802,'6234f6b8afb4c.webp','2022-03-18 21:16:40','2022-03-18 21:16:40'),(8359,802,'6234f6b8b0a49.webp','2022-03-18 21:16:40','2022-03-18 21:16:40'),(8360,802,'6234f6b8b18f3.webp','2022-03-18 21:16:40','2022-03-18 21:16:40'),(8361,802,'6234f6b8b27e0.webp','2022-03-18 21:16:40','2022-03-18 21:16:40'),(8362,802,'6234f6b8b489c.webp','2022-03-18 21:16:40','2022-03-18 21:16:40'),(8363,802,'6234f6b8b6dcd.webp','2022-03-18 21:16:40','2022-03-18 21:16:40'),(8364,802,'6234f6b8b7eb6.webp','2022-03-18 21:16:40','2022-03-18 21:16:40'),(8365,802,'6234f6b8b8d3c.webp','2022-03-18 21:16:40','2022-03-18 21:16:40'),(8454,808,'623cca8489480.webp','2022-03-24 19:46:12','2022-03-24 19:46:12'),(8455,808,'623cca848a4da.webp','2022-03-24 19:46:12','2022-03-24 19:46:12'),(8456,808,'623cca848b1e0.webp','2022-03-24 19:46:12','2022-03-24 19:46:12'),(8457,808,'623cca848bf3b.webp','2022-03-24 19:46:12','2022-03-24 19:46:12'),(8458,808,'623cca848cc68.webp','2022-03-24 19:46:12','2022-03-24 19:46:12'),(8459,808,'623cca848d821.webp','2022-03-24 19:46:12','2022-03-24 19:46:12'),(8460,808,'623cca848e65f.webp','2022-03-24 19:46:12','2022-03-24 19:46:12'),(8461,808,'623cca848f6b5.webp','2022-03-24 19:46:12','2022-03-24 19:46:12'),(8462,808,'623cca84902e8.webp','2022-03-24 19:46:12','2022-03-24 19:46:12'),(8463,808,'623cca8490ed5.webp','2022-03-24 19:46:12','2022-03-24 19:46:12'),(8464,808,'623cca8491be3.webp','2022-03-24 19:46:12','2022-03-24 19:46:12'),(8465,808,'623cca849288f.webp','2022-03-24 19:46:12','2022-03-24 19:46:12'),(8466,808,'623cca849346f.webp','2022-03-24 19:46:12','2022-03-24 19:46:12'),(8467,808,'623cca84941c6.webp','2022-03-24 19:46:12','2022-03-24 19:46:12'),(8468,808,'623cca8494d52.webp','2022-03-24 19:46:12','2022-03-24 19:46:12'),(8579,803,'624c88941e5a5.webp','2022-04-05 18:21:08','2022-04-05 18:21:08'),(8580,803,'624c88941f514.webp','2022-04-05 18:21:08','2022-04-05 18:21:08'),(8581,803,'624c889420287.webp','2022-04-05 18:21:08','2022-04-05 18:21:08'),(8582,803,'624c889420f23.webp','2022-04-05 18:21:08','2022-04-05 18:21:08'),(8583,803,'624c889421bad.webp','2022-04-05 18:21:08','2022-04-05 18:21:08'),(8584,803,'624c8894229bf.webp','2022-04-05 18:21:08','2022-04-05 18:21:08'),(8585,803,'624c889423644.webp','2022-04-05 18:21:08','2022-04-05 18:21:08'),(8586,803,'624c8894244e3.webp','2022-04-05 18:21:08','2022-04-05 18:21:08'),(8587,803,'624c8894251ae.webp','2022-04-05 18:21:08','2022-04-05 18:21:08'),(8588,803,'624c889425f38.webp','2022-04-05 18:21:08','2022-04-05 18:21:08'),(8589,803,'624c889426d39.webp','2022-04-05 18:21:08','2022-04-05 18:21:08'),(8590,803,'624c8894279b7.webp','2022-04-05 18:21:08','2022-04-05 18:21:08'),(8591,803,'624c8894286bb.webp','2022-04-05 18:21:08','2022-04-05 18:21:08'),(8592,803,'624c8894295d0.webp','2022-04-05 18:21:08','2022-04-05 18:21:08'),(8593,803,'624c88942a564.webp','2022-04-05 18:21:08','2022-04-05 18:21:08'),(8594,817,'624c8924400fb.webp','2022-04-05 18:23:32','2022-04-05 18:23:32'),(8595,817,'624c892441018.webp','2022-04-05 18:23:32','2022-04-05 18:23:32'),(8596,817,'624c892441d6c.webp','2022-04-05 18:23:32','2022-04-05 18:23:32'),(8597,817,'624c8924428e0.webp','2022-04-05 18:23:32','2022-04-05 18:23:32'),(8598,817,'624c892443658.webp','2022-04-05 18:23:32','2022-04-05 18:23:32'),(8599,817,'624c89244447f.webp','2022-04-05 18:23:32','2022-04-05 18:23:32'),(8600,817,'624c892445263.webp','2022-04-05 18:23:32','2022-04-05 18:23:32'),(8601,817,'624c892445dc9.webp','2022-04-05 18:23:32','2022-04-05 18:23:32'),(8602,817,'624c8924468e1.webp','2022-04-05 18:23:32','2022-04-05 18:23:32'),(8603,817,'624c89244768b.webp','2022-04-05 18:23:32','2022-04-05 18:23:32'),(8604,817,'624c8924482ef.webp','2022-04-05 18:23:32','2022-04-05 18:23:32'),(8605,817,'624c892448ea8.webp','2022-04-05 18:23:32','2022-04-05 18:23:32'),(8606,817,'624c8924499f9.webp','2022-04-05 18:23:32','2022-04-05 18:23:32'),(8607,817,'624c89244a73e.webp','2022-04-05 18:23:32','2022-04-05 18:23:32'),(8608,817,'624c89244b443.webp','2022-04-05 18:23:32','2022-04-05 18:23:32'),(8609,825,'624c92a97ec56.webp','2022-04-05 19:04:09','2022-04-05 19:04:09'),(8610,825,'624c92a97fb4c.webp','2022-04-05 19:04:09','2022-04-05 19:04:09'),(8611,825,'624c92a980890.webp','2022-04-05 19:04:09','2022-04-05 19:04:09'),(8612,825,'624c92a98165a.webp','2022-04-05 19:04:09','2022-04-05 19:04:09'),(8613,825,'624c92a9823da.webp','2022-04-05 19:04:09','2022-04-05 19:04:09'),(8614,825,'624c92a9830f3.webp','2022-04-05 19:04:09','2022-04-05 19:04:09'),(8615,825,'624c92a983d98.webp','2022-04-05 19:04:09','2022-04-05 19:04:09'),(8616,825,'624c92a984a2b.webp','2022-04-05 19:04:09','2022-04-05 19:04:09'),(8617,825,'624c92a98560a.webp','2022-04-05 19:04:09','2022-04-05 19:04:09'),(8618,825,'624c92a986248.webp','2022-04-05 19:04:09','2022-04-05 19:04:09'),(8619,825,'624c92a987132.webp','2022-04-05 19:04:09','2022-04-05 19:04:09'),(8620,825,'624c92a98801f.webp','2022-04-05 19:04:09','2022-04-05 19:04:09'),(8621,825,'624c92a988c1c.webp','2022-04-05 19:04:09','2022-04-05 19:04:09'),(8622,825,'624c92a98995d.webp','2022-04-05 19:04:09','2022-04-05 19:04:09'),(8623,825,'624c92a98a736.webp','2022-04-05 19:04:09','2022-04-05 19:04:09'),(8624,825,'624c92a98b4de.webp','2022-04-05 19:04:09','2022-04-05 19:04:09'),(8625,809,'624dbb5c8a029.webp','2022-04-06 16:10:04','2022-04-06 16:10:04'),(8626,809,'624dbb5c8be16.webp','2022-04-06 16:10:04','2022-04-06 16:10:04'),(8627,809,'624dbb5c8db25.webp','2022-04-06 16:10:04','2022-04-06 16:10:04'),(8628,809,'624dbb5c8fc82.webp','2022-04-06 16:10:04','2022-04-06 16:10:04'),(8629,809,'624dbb5c91be0.webp','2022-04-06 16:10:04','2022-04-06 16:10:04'),(8630,809,'624dbb5c92e5a.webp','2022-04-06 16:10:04','2022-04-06 16:10:04'),(8631,809,'624dbb5c93d4b.webp','2022-04-06 16:10:04','2022-04-06 16:10:04'),(8632,809,'624dbb5c95a30.webp','2022-04-06 16:10:04','2022-04-06 16:10:04'),(8633,809,'624dbb5c98909.webp','2022-04-06 16:10:04','2022-04-06 16:10:04'),(8634,809,'624dbb5c9a5a9.webp','2022-04-06 16:10:04','2022-04-06 16:10:04'),(8635,809,'624dbb5c9c77d.webp','2022-04-06 16:10:04','2022-04-06 16:10:04'),(8636,809,'624dbb5c9d6f0.webp','2022-04-06 16:10:04','2022-04-06 16:10:04'),(8637,809,'624dbb5c9e3e5.webp','2022-04-06 16:10:04','2022-04-06 16:10:04'),(8638,809,'624dbb5c9f0f1.webp','2022-04-06 16:10:04','2022-04-06 16:10:04'),(8639,809,'624dbb5c9ffc7.webp','2022-04-06 16:10:04','2022-04-06 16:10:04'),(8731,836,'624f713bd0115.webp','2022-04-07 23:18:19','2022-04-07 23:18:19'),(8732,836,'624f713bd0fc3.webp','2022-04-07 23:18:19','2022-04-07 23:18:19'),(8733,836,'624f713bd1d49.webp','2022-04-07 23:18:19','2022-04-07 23:18:19'),(8734,836,'624f713bd27b1.webp','2022-04-07 23:18:19','2022-04-07 23:18:19'),(8735,836,'624f713bd33c8.webp','2022-04-07 23:18:19','2022-04-07 23:18:19'),(8736,836,'624f713bd3fde.webp','2022-04-07 23:18:19','2022-04-07 23:18:19'),(8737,836,'624f713bd4b81.webp','2022-04-07 23:18:19','2022-04-07 23:18:19'),(8738,836,'624f713bd57f9.webp','2022-04-07 23:18:19','2022-04-07 23:18:19'),(8739,836,'624f713bd6346.webp','2022-04-07 23:18:19','2022-04-07 23:18:19'),(8740,836,'624f713bd6ffe.webp','2022-04-07 23:18:19','2022-04-07 23:18:19'),(8741,836,'624f713bd7c65.webp','2022-04-07 23:18:19','2022-04-07 23:18:19'),(8742,836,'624f713bd87b8.webp','2022-04-07 23:18:19','2022-04-07 23:18:19'),(8743,836,'624f713bd939e.webp','2022-04-07 23:18:19','2022-04-07 23:18:19'),(8744,836,'624f713bd9e93.webp','2022-04-07 23:18:19','2022-04-07 23:18:19'),(8745,836,'624f713bdaa60.webp','2022-04-07 23:18:19','2022-04-07 23:18:19'),(8746,837,'624f71a8217bd.webp','2022-04-07 23:20:08','2022-04-07 23:20:08'),(8747,837,'624f71a822ce8.webp','2022-04-07 23:20:08','2022-04-07 23:20:08'),(8748,837,'624f71a823ba4.webp','2022-04-07 23:20:08','2022-04-07 23:20:08'),(8749,837,'624f71a824843.webp','2022-04-07 23:20:08','2022-04-07 23:20:08'),(8750,837,'624f71a825662.webp','2022-04-07 23:20:08','2022-04-07 23:20:08'),(8751,837,'624f71a82641e.webp','2022-04-07 23:20:08','2022-04-07 23:20:08'),(8752,837,'624f71a827156.webp','2022-04-07 23:20:08','2022-04-07 23:20:08'),(8753,837,'624f71a827e3b.webp','2022-04-07 23:20:08','2022-04-07 23:20:08'),(8754,837,'624f71a828ec5.webp','2022-04-07 23:20:08','2022-04-07 23:20:08'),(8755,837,'624f71a829bf5.webp','2022-04-07 23:20:08','2022-04-07 23:20:08'),(8756,837,'624f71a82a88a.webp','2022-04-07 23:20:08','2022-04-07 23:20:08'),(8757,837,'624f71a82b459.webp','2022-04-07 23:20:08','2022-04-07 23:20:08'),(8758,837,'624f71a82c2ca.webp','2022-04-07 23:20:08','2022-04-07 23:20:08'),(8759,837,'624f71a82d0ae.webp','2022-04-07 23:20:08','2022-04-07 23:20:08'),(8760,837,'624f71a82dde7.webp','2022-04-07 23:20:08','2022-04-07 23:20:08'),(8761,838,'624f72045aeb5.webp','2022-04-07 23:21:40','2022-04-07 23:21:40'),(8762,838,'624f72045be97.webp','2022-04-07 23:21:40','2022-04-07 23:21:40'),(8763,838,'624f72045ca48.webp','2022-04-07 23:21:40','2022-04-07 23:21:40'),(8764,838,'624f72045d8ed.webp','2022-04-07 23:21:40','2022-04-07 23:21:40'),(8765,838,'624f72045e59e.webp','2022-04-07 23:21:40','2022-04-07 23:21:40'),(8766,838,'624f72045f3a6.webp','2022-04-07 23:21:40','2022-04-07 23:21:40'),(8767,838,'624f7204600be.webp','2022-04-07 23:21:40','2022-04-07 23:21:40'),(8768,838,'624f720460dfb.webp','2022-04-07 23:21:40','2022-04-07 23:21:40'),(8769,838,'624f720461a3b.webp','2022-04-07 23:21:40','2022-04-07 23:21:40'),(8770,838,'624f7204625fe.webp','2022-04-07 23:21:40','2022-04-07 23:21:40'),(8771,838,'624f720463242.webp','2022-04-07 23:21:40','2022-04-07 23:21:40'),(8772,838,'624f72046411b.webp','2022-04-07 23:21:40','2022-04-07 23:21:40'),(8773,838,'624f720464cb0.webp','2022-04-07 23:21:40','2022-04-07 23:21:40'),(8774,838,'624f720465c57.webp','2022-04-07 23:21:40','2022-04-07 23:21:40'),(8792,830,'624f72e2b8e9b.webp','2022-04-07 23:25:22','2022-04-07 23:25:22'),(8793,830,'624f72e2ba22e.webp','2022-04-07 23:25:22','2022-04-07 23:25:22'),(8794,830,'624f72e2bc285.webp','2022-04-07 23:25:22','2022-04-07 23:25:22'),(8795,830,'624f72e2bd0c8.webp','2022-04-07 23:25:22','2022-04-07 23:25:22'),(8796,830,'624f72e2bdf1e.webp','2022-04-07 23:25:22','2022-04-07 23:25:22'),(8797,830,'624f72e2bec81.webp','2022-04-07 23:25:22','2022-04-07 23:25:22'),(8798,830,'624f72e2bfa7d.webp','2022-04-07 23:25:22','2022-04-07 23:25:22'),(8799,830,'624f72e2c059a.webp','2022-04-07 23:25:22','2022-04-07 23:25:22'),(8800,830,'624f72e2c12c7.webp','2022-04-07 23:25:22','2022-04-07 23:25:22'),(8801,830,'624f72e2c2020.webp','2022-04-07 23:25:22','2022-04-07 23:25:22'),(8802,830,'624f72e2c31fc.webp','2022-04-07 23:25:22','2022-04-07 23:25:22'),(8803,830,'624f72e2c3edc.webp','2022-04-07 23:25:22','2022-04-07 23:25:22'),(8804,830,'624f72e2c4b3b.webp','2022-04-07 23:25:22','2022-04-07 23:25:22'),(8805,830,'624f72e2c57b2.webp','2022-04-07 23:25:22','2022-04-07 23:25:22'),(8806,830,'624f72e2c6653.webp','2022-04-07 23:25:22','2022-04-07 23:25:22'),(8807,830,'624f72e2c74c4.webp','2022-04-07 23:25:22','2022-04-07 23:25:22'),(8823,733,'6250b6a435a67.webp','2022-04-08 22:26:44','2022-04-08 22:26:44'),(8824,733,'6250b6a436cdf.webp','2022-04-08 22:26:44','2022-04-08 22:26:44'),(8825,733,'6250b6a437e36.webp','2022-04-08 22:26:44','2022-04-08 22:26:44'),(8826,733,'6250b6a438ced.webp','2022-04-08 22:26:44','2022-04-08 22:26:44'),(8827,733,'6250b6a43a04a.webp','2022-04-08 22:26:44','2022-04-08 22:26:44'),(8828,733,'6250b6a43b1f7.webp','2022-04-08 22:26:44','2022-04-08 22:26:44'),(8829,733,'6250b6a43c425.webp','2022-04-08 22:26:44','2022-04-08 22:26:44'),(8830,733,'6250b6a43d447.webp','2022-04-08 22:26:44','2022-04-08 22:26:44'),(8831,733,'6250b6a43f36a.webp','2022-04-08 22:26:44','2022-04-08 22:26:44'),(8832,733,'6250b6a4404d0.webp','2022-04-08 22:26:44','2022-04-08 22:26:44'),(8833,733,'6250b6a4419f5.webp','2022-04-08 22:26:44','2022-04-08 22:26:44'),(8834,733,'6250b6a442cac.webp','2022-04-08 22:26:44','2022-04-08 22:26:44'),(8835,733,'6250b6a4440d3.webp','2022-04-08 22:26:44','2022-04-08 22:26:44'),(8836,733,'6250b6a445253.webp','2022-04-08 22:26:44','2022-04-08 22:26:44'),(8837,733,'6250b6a446232.webp','2022-04-08 22:26:44','2022-04-08 22:26:44'),(8912,842,'62546360a33d0.webp','2022-04-11 17:20:32','2022-04-11 17:20:32'),(8913,842,'62546360a41dc.webp','2022-04-11 17:20:32','2022-04-11 17:20:32'),(8914,842,'62546360a4f89.webp','2022-04-11 17:20:32','2022-04-11 17:20:32'),(8915,842,'62546360a5d75.webp','2022-04-11 17:20:32','2022-04-11 17:20:32'),(8916,842,'62546360a6cfa.webp','2022-04-11 17:20:32','2022-04-11 17:20:32'),(8917,842,'62546360a7974.webp','2022-04-11 17:20:32','2022-04-11 17:20:32'),(8918,842,'62546360a8853.webp','2022-04-11 17:20:32','2022-04-11 17:20:32'),(8919,842,'62546360a9573.webp','2022-04-11 17:20:32','2022-04-11 17:20:32'),(8920,842,'62546360aa342.webp','2022-04-11 17:20:32','2022-04-11 17:20:32'),(8921,842,'62546360ab0f1.webp','2022-04-11 17:20:32','2022-04-11 17:20:32'),(8922,842,'62546360abf26.webp','2022-04-11 17:20:32','2022-04-11 17:20:32'),(8923,842,'62546360acd17.webp','2022-04-11 17:20:32','2022-04-11 17:20:32'),(8924,842,'62546360ad97b.webp','2022-04-11 17:20:32','2022-04-11 17:20:32'),(8925,842,'62546360ae609.webp','2022-04-11 17:20:32','2022-04-11 17:20:32'),(8926,842,'62546360af6f0.webp','2022-04-11 17:20:32','2022-04-11 17:20:32'),(9012,829,'625b4362b9fe2.webp','2022-04-16 22:29:54','2022-04-16 22:29:54'),(9013,829,'625b4362baf3a.webp','2022-04-16 22:29:54','2022-04-16 22:29:54'),(9014,829,'625b4362bbe5f.webp','2022-04-16 22:29:54','2022-04-16 22:29:54'),(9015,829,'625b4362bccf7.webp','2022-04-16 22:29:54','2022-04-16 22:29:54'),(9016,829,'625b4362bda18.webp','2022-04-16 22:29:54','2022-04-16 22:29:54'),(9017,829,'625b4362be93e.webp','2022-04-16 22:29:54','2022-04-16 22:29:54'),(9018,829,'625b4362bf840.webp','2022-04-16 22:29:54','2022-04-16 22:29:54'),(9019,829,'625b4362c0764.webp','2022-04-16 22:29:54','2022-04-16 22:29:54'),(9020,829,'625b4362c15f1.webp','2022-04-16 22:29:54','2022-04-16 22:29:54'),(9021,829,'625b4362c2490.webp','2022-04-16 22:29:54','2022-04-16 22:29:54'),(9022,829,'625b4362c3364.webp','2022-04-16 22:29:54','2022-04-16 22:29:54'),(9023,829,'625b4362c4156.webp','2022-04-16 22:29:54','2022-04-16 22:29:54'),(9024,829,'625b4362c4e7c.webp','2022-04-16 22:29:54','2022-04-16 22:29:54'),(9025,829,'625b4362c5e05.webp','2022-04-16 22:29:54','2022-04-16 22:29:54'),(9026,829,'625b4362c6b88.webp','2022-04-16 22:29:54','2022-04-16 22:29:54'),(9027,829,'625b4362c7e17.webp','2022-04-16 22:29:54','2022-04-16 22:29:54'),(9028,829,'625b4362c8b94.webp','2022-04-16 22:29:54','2022-04-16 22:29:54'),(9029,810,'625b4b1162959.webp','2022-04-16 23:02:41','2022-04-16 23:02:41'),(9030,810,'625b4b1163b19.webp','2022-04-16 23:02:41','2022-04-16 23:02:41'),(9031,810,'625b4b1164b05.webp','2022-04-16 23:02:41','2022-04-16 23:02:41'),(9032,810,'625b4b1165995.webp','2022-04-16 23:02:41','2022-04-16 23:02:41'),(9033,810,'625b4b116687d.webp','2022-04-16 23:02:41','2022-04-16 23:02:41'),(9034,810,'625b4b116755c.webp','2022-04-16 23:02:41','2022-04-16 23:02:41'),(9035,810,'625b4b11682d9.webp','2022-04-16 23:02:41','2022-04-16 23:02:41'),(9036,810,'625b4b1169030.webp','2022-04-16 23:02:41','2022-04-16 23:02:41'),(9037,810,'625b4b1169cfb.webp','2022-04-16 23:02:41','2022-04-16 23:02:41'),(9038,810,'625b4b116aa41.webp','2022-04-16 23:02:41','2022-04-16 23:02:41'),(9039,810,'625b4b116b945.webp','2022-04-16 23:02:41','2022-04-16 23:02:41'),(9040,810,'625b4b116c7ce.webp','2022-04-16 23:02:41','2022-04-16 23:02:41'),(9041,810,'625b4b116d5b6.webp','2022-04-16 23:02:41','2022-04-16 23:02:41'),(9042,810,'625b4b116e2c6.webp','2022-04-16 23:02:41','2022-04-16 23:02:41'),(9043,810,'625b4b116ef0d.webp','2022-04-16 23:02:41','2022-04-16 23:02:41'),(9044,810,'625b4b116fc6f.webp','2022-04-16 23:02:41','2022-04-16 23:02:41'),(9045,810,'625b4b11709cd.webp','2022-04-16 23:02:41','2022-04-16 23:02:41'),(9046,810,'625b4b11715c7.webp','2022-04-16 23:02:41','2022-04-16 23:02:41'),(9151,853,'62644cf05742a.webp','2022-04-23 19:01:04','2022-04-23 19:01:04'),(9152,853,'62644cf058706.webp','2022-04-23 19:01:04','2022-04-23 19:01:04'),(9153,853,'62644cf05a109.webp','2022-04-23 19:01:04','2022-04-23 19:01:04'),(9154,853,'62644cf05b0a3.webp','2022-04-23 19:01:04','2022-04-23 19:01:04'),(9155,853,'62644cf05c022.webp','2022-04-23 19:01:04','2022-04-23 19:01:04'),(9156,853,'62644cf05d7ab.webp','2022-04-23 19:01:04','2022-04-23 19:01:04'),(9157,853,'62644cf05ef2e.webp','2022-04-23 19:01:04','2022-04-23 19:01:04'),(9158,853,'62644cf0605a7.webp','2022-04-23 19:01:04','2022-04-23 19:01:04'),(9159,853,'62644cf06133c.webp','2022-04-23 19:01:04','2022-04-23 19:01:04'),(9160,853,'62644cf06211b.webp','2022-04-23 19:01:04','2022-04-23 19:01:04'),(9161,853,'62644cf063504.webp','2022-04-23 19:01:04','2022-04-23 19:01:04'),(9162,853,'62644cf064cf2.webp','2022-04-23 19:01:04','2022-04-23 19:01:04'),(9163,853,'62644cf066459.webp','2022-04-23 19:01:04','2022-04-23 19:01:04'),(9164,853,'62644cf067a85.webp','2022-04-23 19:01:04','2022-04-23 19:01:04'),(9165,853,'62644cf068b76.webp','2022-04-23 19:01:04','2022-04-23 19:01:04'),(9196,854,'62697cf491333.webp','2022-04-27 17:27:16','2022-04-27 17:27:16'),(9197,854,'62697cf49244a.webp','2022-04-27 17:27:16','2022-04-27 17:27:16'),(9198,854,'62697cf493133.webp','2022-04-27 17:27:16','2022-04-27 17:27:16'),(9199,854,'62697cf493ddc.webp','2022-04-27 17:27:16','2022-04-27 17:27:16'),(9200,854,'62697cf494a69.webp','2022-04-27 17:27:16','2022-04-27 17:27:16'),(9201,854,'62697cf4956aa.webp','2022-04-27 17:27:16','2022-04-27 17:27:16'),(9202,854,'62697cf4963c0.webp','2022-04-27 17:27:16','2022-04-27 17:27:16'),(9203,854,'62697cf497105.webp','2022-04-27 17:27:16','2022-04-27 17:27:16'),(9204,854,'62697cf497d4f.webp','2022-04-27 17:27:16','2022-04-27 17:27:16'),(9205,854,'62697cf498bc5.webp','2022-04-27 17:27:16','2022-04-27 17:27:16'),(9206,854,'62697cf499a8b.webp','2022-04-27 17:27:16','2022-04-27 17:27:16'),(9207,854,'62697cf49a84d.webp','2022-04-27 17:27:16','2022-04-27 17:27:16'),(9208,854,'62697cf49b6f7.webp','2022-04-27 17:27:16','2022-04-27 17:27:16'),(9209,854,'62697cf49c47b.webp','2022-04-27 17:27:16','2022-04-27 17:27:16'),(9225,871,'6269964e65207.webp','2022-04-27 19:15:26','2022-04-27 19:15:26'),(9226,871,'6269964e663eb.webp','2022-04-27 19:15:26','2022-04-27 19:15:26'),(9227,871,'6269964e672bf.webp','2022-04-27 19:15:26','2022-04-27 19:15:26'),(9228,871,'6269964e69304.webp','2022-04-27 19:15:26','2022-04-27 19:15:26'),(9229,871,'6269964e6a48d.webp','2022-04-27 19:15:26','2022-04-27 19:15:26'),(9230,871,'6269964e6b379.webp','2022-04-27 19:15:26','2022-04-27 19:15:26'),(9231,871,'6269964e6bf69.webp','2022-04-27 19:15:26','2022-04-27 19:15:26'),(9232,871,'6269964e6cb88.webp','2022-04-27 19:15:26','2022-04-27 19:15:26'),(9233,871,'6269964e6d771.webp','2022-04-27 19:15:26','2022-04-27 19:15:26'),(9234,871,'6269964e6ee38.webp','2022-04-27 19:15:26','2022-04-27 19:15:26'),(9235,871,'6269964e6fb59.webp','2022-04-27 19:15:26','2022-04-27 19:15:26'),(9236,871,'6269964e70bd6.webp','2022-04-27 19:15:26','2022-04-27 19:15:26'),(9237,871,'6269964e7197c.webp','2022-04-27 19:15:26','2022-04-27 19:15:26'),(9238,871,'6269964e73320.webp','2022-04-27 19:15:26','2022-04-27 19:15:26'),(9239,871,'6269964e73f2e.webp','2022-04-27 19:15:26','2022-04-27 19:15:26'),(9240,871,'6269964e74d19.webp','2022-04-27 19:15:26','2022-04-27 19:15:26'),(9241,871,'6269964e7591c.webp','2022-04-27 19:15:26','2022-04-27 19:15:26'),(9242,871,'6269964e767ea.webp','2022-04-27 19:15:26','2022-04-27 19:15:26'),(9243,871,'6269964e78a70.webp','2022-04-27 19:15:26','2022-04-27 19:15:26'),(9244,871,'6269964e7a31e.webp','2022-04-27 19:15:26','2022-04-27 19:15:26'),(9381,882,'627d363930a19.webp','2022-05-12 16:30:49','2022-05-12 16:30:49'),(9382,882,'627d363931850.webp','2022-05-12 16:30:49','2022-05-12 16:30:49'),(9383,882,'627d3639325b3.webp','2022-05-12 16:30:49','2022-05-12 16:30:49'),(9384,882,'627d36393321b.webp','2022-05-12 16:30:49','2022-05-12 16:30:49'),(9385,882,'627d363933e6c.webp','2022-05-12 16:30:49','2022-05-12 16:30:49'),(9386,882,'627d363934bd2.webp','2022-05-12 16:30:49','2022-05-12 16:30:49'),(9387,882,'627d363935938.webp','2022-05-12 16:30:49','2022-05-12 16:30:49'),(9388,882,'627d363936766.webp','2022-05-12 16:30:49','2022-05-12 16:30:49'),(9389,882,'627d363937451.webp','2022-05-12 16:30:49','2022-05-12 16:30:49'),(9390,882,'627d36393819b.webp','2022-05-12 16:30:49','2022-05-12 16:30:49'),(9391,882,'627d363938dff.webp','2022-05-12 16:30:49','2022-05-12 16:30:49'),(9392,882,'627d363939da8.webp','2022-05-12 16:30:49','2022-05-12 16:30:49'),(9393,882,'627d36393abae.webp','2022-05-12 16:30:49','2022-05-12 16:30:49'),(9394,882,'627d36393baa1.webp','2022-05-12 16:30:49','2022-05-12 16:30:49'),(9395,882,'627d36393ca17.webp','2022-05-12 16:30:49','2022-05-12 16:30:49'),(9396,882,'627d36393d8fe.webp','2022-05-12 16:30:49','2022-05-12 16:30:49'),(9397,882,'627d36393e9a7.webp','2022-05-12 16:30:49','2022-05-12 16:30:49'),(9459,887,'6282ca663ce4c.webp','2022-05-16 22:04:22','2022-05-16 22:04:22'),(9460,887,'6282ca663ea7f.webp','2022-05-16 22:04:22','2022-05-16 22:04:22'),(9461,887,'6282ca66412f6.webp','2022-05-16 22:04:22','2022-05-16 22:04:22'),(9462,887,'6282ca6643229.webp','2022-05-16 22:04:22','2022-05-16 22:04:22'),(9463,887,'6282ca6645ead.webp','2022-05-16 22:04:22','2022-05-16 22:04:22'),(9464,887,'6282ca6648694.webp','2022-05-16 22:04:22','2022-05-16 22:04:22'),(9465,887,'6282ca664b977.webp','2022-05-16 22:04:22','2022-05-16 22:04:22'),(9466,887,'6282ca664ff02.webp','2022-05-16 22:04:22','2022-05-16 22:04:22'),(9467,887,'6282ca66535e1.webp','2022-05-16 22:04:22','2022-05-16 22:04:22'),(9503,873,'62841ab8b61b8.webp','2022-05-17 21:59:20','2022-05-17 21:59:20'),(9504,873,'62841ab8b78a9.webp','2022-05-17 21:59:20','2022-05-17 21:59:20'),(9505,873,'62841ab8b88cb.webp','2022-05-17 21:59:20','2022-05-17 21:59:20'),(9506,873,'62841ab8b9761.webp','2022-05-17 21:59:20','2022-05-17 21:59:20'),(9507,873,'62841ab8babb2.webp','2022-05-17 21:59:20','2022-05-17 21:59:20'),(9508,873,'62841ab8bbd36.webp','2022-05-17 21:59:20','2022-05-17 21:59:20'),(9509,873,'62841ab8bcf0f.webp','2022-05-17 21:59:20','2022-05-17 21:59:20'),(9510,873,'62841ab8be0f8.webp','2022-05-17 21:59:20','2022-05-17 21:59:20'),(9511,873,'62841ab8bf596.webp','2022-05-17 21:59:20','2022-05-17 21:59:20'),(9512,873,'62841ab8c0b5b.webp','2022-05-17 21:59:20','2022-05-17 21:59:20'),(9513,873,'62841ab8c2093.webp','2022-05-17 21:59:20','2022-05-17 21:59:20'),(9514,873,'62841ab8c322c.webp','2022-05-17 21:59:20','2022-05-17 21:59:20'),(9515,873,'62841ab8c4662.webp','2022-05-17 21:59:20','2022-05-17 21:59:20'),(9516,873,'62841ab8c57a9.webp','2022-05-17 21:59:20','2022-05-17 21:59:20'),(9517,873,'62841ab8c684e.webp','2022-05-17 21:59:20','2022-05-17 21:59:20'),(9518,881,'6287ba1325c19.webp','2022-05-20 15:56:03','2022-05-20 15:56:03'),(9519,881,'6287ba1326dae.webp','2022-05-20 15:56:03','2022-05-20 15:56:03'),(9520,881,'6287ba1328a5f.webp','2022-05-20 15:56:03','2022-05-20 15:56:03'),(9521,881,'6287ba1329b3e.webp','2022-05-20 15:56:03','2022-05-20 15:56:03'),(9522,881,'6287ba132b107.webp','2022-05-20 15:56:03','2022-05-20 15:56:03'),(9523,881,'6287ba132bfe4.webp','2022-05-20 15:56:03','2022-05-20 15:56:03'),(9524,881,'6287ba132d6e3.webp','2022-05-20 15:56:03','2022-05-20 15:56:03'),(9525,881,'6287ba132ebf3.webp','2022-05-20 15:56:03','2022-05-20 15:56:03'),(9526,881,'6287ba133001f.webp','2022-05-20 15:56:03','2022-05-20 15:56:03'),(9527,881,'6287ba13310f6.webp','2022-05-20 15:56:03','2022-05-20 15:56:03'),(9528,881,'6287ba1332a67.webp','2022-05-20 15:56:03','2022-05-20 15:56:03'),(9529,881,'6287ba1333e22.webp','2022-05-20 15:56:03','2022-05-20 15:56:03'),(9530,881,'6287ba1335064.webp','2022-05-20 15:56:03','2022-05-20 15:56:03'),(9531,881,'6287ba13367fd.webp','2022-05-20 15:56:03','2022-05-20 15:56:03'),(9532,881,'6287ba1337783.webp','2022-05-20 15:56:03','2022-05-20 15:56:03'),(9533,881,'6287ba1338909.webp','2022-05-20 15:56:03','2022-05-20 15:56:03'),(9534,881,'6287ba13397d2.webp','2022-05-20 15:56:03','2022-05-20 15:56:03'),(9535,881,'6287ba133a7f7.webp','2022-05-20 15:56:03','2022-05-20 15:56:03'),(9536,893,'6287bd0e3f60f.webp','2022-05-20 16:08:46','2022-05-20 16:08:46'),(9537,893,'6287bd0e41036.webp','2022-05-20 16:08:46','2022-05-20 16:08:46'),(9538,893,'6287bd0e42380.webp','2022-05-20 16:08:46','2022-05-20 16:08:46'),(9539,893,'6287bd0e438b7.webp','2022-05-20 16:08:46','2022-05-20 16:08:46'),(9540,893,'6287bd0e44dc8.webp','2022-05-20 16:08:46','2022-05-20 16:08:46'),(9541,893,'6287bd0e46d75.webp','2022-05-20 16:08:46','2022-05-20 16:08:46'),(9542,893,'6287bd0e47f06.webp','2022-05-20 16:08:46','2022-05-20 16:08:46'),(9543,893,'6287bd0e497e0.webp','2022-05-20 16:08:46','2022-05-20 16:08:46'),(9544,893,'6287bd0e4bc3f.webp','2022-05-20 16:08:46','2022-05-20 16:08:46'),(9545,893,'6287bd0e4f4ee.webp','2022-05-20 16:08:46','2022-05-20 16:08:46'),(9546,893,'6287bd0e50c7b.webp','2022-05-20 16:08:46','2022-05-20 16:08:46'),(9547,893,'6287bd0e52b98.webp','2022-05-20 16:08:46','2022-05-20 16:08:46'),(9548,893,'6287bd0e5450a.webp','2022-05-20 16:08:46','2022-05-20 16:08:46'),(9549,893,'6287bd0e55bcf.webp','2022-05-20 16:08:46','2022-05-20 16:08:46'),(9550,893,'6287bd0e57037.webp','2022-05-20 16:08:46','2022-05-20 16:08:46'),(9551,893,'6287bd0e584d9.webp','2022-05-20 16:08:46','2022-05-20 16:08:46'),(9552,893,'6287bd0e59868.webp','2022-05-20 16:08:46','2022-05-20 16:08:46'),(9696,878,'628fd38433dd1.webp','2022-05-26 19:22:44','2022-05-26 19:22:44'),(9697,878,'628fd38434cf6.webp','2022-05-26 19:22:44','2022-05-26 19:22:44'),(9698,878,'628fd38435ad9.webp','2022-05-26 19:22:44','2022-05-26 19:22:44'),(9699,878,'628fd3843681f.webp','2022-05-26 19:22:44','2022-05-26 19:22:44'),(9700,878,'628fd384373f8.webp','2022-05-26 19:22:44','2022-05-26 19:22:44'),(9701,878,'628fd3843815b.webp','2022-05-26 19:22:44','2022-05-26 19:22:44'),(9702,878,'628fd38438e65.webp','2022-05-26 19:22:44','2022-05-26 19:22:44'),(9703,878,'628fd38439bf0.webp','2022-05-26 19:22:44','2022-05-26 19:22:44'),(9704,878,'628fd3843a997.webp','2022-05-26 19:22:44','2022-05-26 19:22:44'),(9705,878,'628fd3843b6b5.webp','2022-05-26 19:22:44','2022-05-26 19:22:44'),(9706,878,'628fd3843c445.webp','2022-05-26 19:22:44','2022-05-26 19:22:44'),(9707,878,'628fd3843d1f2.webp','2022-05-26 19:22:44','2022-05-26 19:22:44'),(9708,878,'628fd3843df8d.webp','2022-05-26 19:22:44','2022-05-26 19:22:44'),(9709,878,'628fd3843ec54.webp','2022-05-26 19:22:44','2022-05-26 19:22:44'),(9710,878,'628fd3843f8d7.webp','2022-05-26 19:22:44','2022-05-26 19:22:44'),(9711,878,'628fd38440599.webp','2022-05-26 19:22:44','2022-05-26 19:22:44'),(9779,780,'629a2e81538e7.webp','2022-06-03 15:53:37','2022-06-03 15:53:37'),(9780,780,'629a2e81548a1.webp','2022-06-03 15:53:37','2022-06-03 15:53:37'),(9781,780,'629a2e815567c.webp','2022-06-03 15:53:37','2022-06-03 15:53:37'),(9782,780,'629a2e815653c.webp','2022-06-03 15:53:37','2022-06-03 15:53:37'),(9783,780,'629a2e815733a.webp','2022-06-03 15:53:37','2022-06-03 15:53:37'),(9784,780,'629a2e8158082.webp','2022-06-03 15:53:37','2022-06-03 15:53:37'),(9785,780,'629a2e8158f32.webp','2022-06-03 15:53:37','2022-06-03 15:53:37'),(9786,780,'629a2e815a042.webp','2022-06-03 15:53:37','2022-06-03 15:53:37'),(9787,780,'629a2e815ae2c.webp','2022-06-03 15:53:37','2022-06-03 15:53:37'),(9788,780,'629a2e815ba32.webp','2022-06-03 15:53:37','2022-06-03 15:53:37'),(9789,780,'629a2e815c8b8.webp','2022-06-03 15:53:37','2022-06-03 15:53:37'),(9790,780,'629a2e815d61c.webp','2022-06-03 15:53:37','2022-06-03 15:53:37'),(9791,780,'629a2e815e31a.webp','2022-06-03 15:53:37','2022-06-03 15:53:37'),(9792,780,'629a2e815f1a8.webp','2022-06-03 15:53:37','2022-06-03 15:53:37'),(9793,780,'629a2e815ffbf.webp','2022-06-03 15:53:37','2022-06-03 15:53:37'),(9794,780,'629a2e8160df9.webp','2022-06-03 15:53:37','2022-06-03 15:53:37'),(9814,762,'629a2fbf2f83c.webp','2022-06-03 15:58:55','2022-06-03 15:58:55'),(9815,762,'629a2fbf31109.webp','2022-06-03 15:58:55','2022-06-03 15:58:55'),(9816,762,'629a2fbf31dca.webp','2022-06-03 15:58:55','2022-06-03 15:58:55'),(9817,762,'629a2fbf32abc.webp','2022-06-03 15:58:55','2022-06-03 15:58:55'),(9818,762,'629a2fbf33de9.webp','2022-06-03 15:58:55','2022-06-03 15:58:55'),(9819,762,'629a2fbf38637.webp','2022-06-03 15:58:55','2022-06-03 15:58:55'),(9820,762,'629a2fbf3942c.webp','2022-06-03 15:58:55','2022-06-03 15:58:55'),(9821,762,'629a2fbf3a61e.webp','2022-06-03 15:58:55','2022-06-03 15:58:55'),(9822,762,'629a2fbf3bdc7.webp','2022-06-03 15:58:55','2022-06-03 15:58:55'),(9823,762,'629a2fbf3d2a3.webp','2022-06-03 15:58:55','2022-06-03 15:58:55'),(9824,762,'629a2fbf3df41.webp','2022-06-03 15:58:55','2022-06-03 15:58:55'),(9825,762,'629a2fbf3eb55.webp','2022-06-03 15:58:55','2022-06-03 15:58:55'),(9826,762,'629a2fbf3f747.webp','2022-06-03 15:58:55','2022-06-03 15:58:55'),(9827,762,'629a2fbf40342.webp','2022-06-03 15:58:55','2022-06-03 15:58:55'),(9828,762,'629a2fbf40fe9.webp','2022-06-03 15:58:55','2022-06-03 15:58:55'),(9829,738,'629a3043c2966.webp','2022-06-03 16:01:07','2022-06-03 16:01:07'),(9830,738,'629a3043c3c54.webp','2022-06-03 16:01:07','2022-06-03 16:01:07'),(9831,738,'629a3043c4aba.webp','2022-06-03 16:01:07','2022-06-03 16:01:07'),(9832,738,'629a3043c5b47.webp','2022-06-03 16:01:07','2022-06-03 16:01:07'),(9833,738,'629a3043c6b21.webp','2022-06-03 16:01:07','2022-06-03 16:01:07'),(9834,738,'629a3043c7aa9.webp','2022-06-03 16:01:07','2022-06-03 16:01:07'),(9835,738,'629a3043c8b7b.webp','2022-06-03 16:01:07','2022-06-03 16:01:07'),(9836,738,'629a3043ca4ad.webp','2022-06-03 16:01:07','2022-06-03 16:01:07'),(9837,738,'629a3043cb5bf.webp','2022-06-03 16:01:07','2022-06-03 16:01:07'),(9838,738,'629a3043ccea8.webp','2022-06-03 16:01:07','2022-06-03 16:01:07'),(9839,738,'629a3043ce211.webp','2022-06-03 16:01:07','2022-06-03 16:01:07'),(9840,738,'629a3043ceff4.webp','2022-06-03 16:01:07','2022-06-03 16:01:07'),(9841,738,'629a3043cff98.webp','2022-06-03 16:01:07','2022-06-03 16:01:07'),(9842,738,'629a3043d0de2.webp','2022-06-03 16:01:07','2022-06-03 16:01:07'),(9843,738,'629a3043d23f2.webp','2022-06-03 16:01:07','2022-06-03 16:01:07'),(9868,910,'629e2a0cdb3bb.webp','2022-06-06 16:23:40','2022-06-06 16:23:40'),(9869,910,'629e2a0cdc3f1.webp','2022-06-06 16:23:40','2022-06-06 16:23:40'),(9870,910,'629e2a0cdd324.webp','2022-06-06 16:23:40','2022-06-06 16:23:40'),(9871,910,'629e2a0cde042.webp','2022-06-06 16:23:40','2022-06-06 16:23:40'),(9872,910,'629e2a0cdee04.webp','2022-06-06 16:23:40','2022-06-06 16:23:40'),(9873,910,'629e2a0cdfa21.webp','2022-06-06 16:23:40','2022-06-06 16:23:40'),(9874,910,'629e2a0ce070b.webp','2022-06-06 16:23:40','2022-06-06 16:23:40'),(9875,910,'629e2a0ce14e1.webp','2022-06-06 16:23:40','2022-06-06 16:23:40'),(9876,910,'629e2a0ce22cb.webp','2022-06-06 16:23:40','2022-06-06 16:23:40'),(9877,910,'629e2a0ce3cc8.webp','2022-06-06 16:23:40','2022-06-06 16:23:40'),(9878,910,'629e2a0ce6b77.webp','2022-06-06 16:23:40','2022-06-06 16:23:40'),(9879,910,'629e2a0ce7937.webp','2022-06-06 16:23:40','2022-06-06 16:23:40'),(9880,910,'629e2a0ce867e.webp','2022-06-06 16:23:40','2022-06-06 16:23:40'),(9881,910,'629e2a0ce9304.webp','2022-06-06 16:23:40','2022-06-06 16:23:40'),(9882,910,'629e2a0cea0f5.webp','2022-06-06 16:23:40','2022-06-06 16:23:40'),(9994,778,'62a277312ab8d.webp','2022-06-09 22:41:53','2022-06-09 22:41:53'),(9995,778,'62a277312b8c2.webp','2022-06-09 22:41:53','2022-06-09 22:41:53'),(9996,778,'62a277312c4a9.webp','2022-06-09 22:41:53','2022-06-09 22:41:53'),(9997,778,'62a277312d25c.webp','2022-06-09 22:41:53','2022-06-09 22:41:53'),(9998,778,'62a277312e4df.webp','2022-06-09 22:41:53','2022-06-09 22:41:53'),(9999,778,'62a277312f307.webp','2022-06-09 22:41:53','2022-06-09 22:41:53'),(10000,778,'62a27731303a6.webp','2022-06-09 22:41:53','2022-06-09 22:41:53'),(10001,778,'62a27731310af.webp','2022-06-09 22:41:53','2022-06-09 22:41:53'),(10002,778,'62a2773132100.webp','2022-06-09 22:41:53','2022-06-09 22:41:53'),(10003,778,'62a2773132eb7.webp','2022-06-09 22:41:53','2022-06-09 22:41:53'),(10004,778,'62a2773133db0.webp','2022-06-09 22:41:53','2022-06-09 22:41:53'),(10005,778,'62a2773134ae8.webp','2022-06-09 22:41:53','2022-06-09 22:41:53'),(10006,778,'62a27731357fc.webp','2022-06-09 22:41:53','2022-06-09 22:41:53'),(10007,778,'62a2773136433.webp','2022-06-09 22:41:53','2022-06-09 22:41:53'),(10008,778,'62a277313716e.webp','2022-06-09 22:41:53','2022-06-09 22:41:53'),(10009,778,'62a2773137f0b.webp','2022-06-09 22:41:53','2022-06-09 22:41:53'),(10043,917,'62a2857fd7676.webp','2022-06-09 23:42:55','2022-06-09 23:42:55'),(10044,917,'62a2857fd84ba.webp','2022-06-09 23:42:55','2022-06-09 23:42:55'),(10045,917,'62a2857fd90cf.webp','2022-06-09 23:42:55','2022-06-09 23:42:55'),(10046,917,'62a2857fd9cdd.webp','2022-06-09 23:42:55','2022-06-09 23:42:55'),(10047,917,'62a2857fdaab1.webp','2022-06-09 23:42:55','2022-06-09 23:42:55'),(10048,917,'62a2857fdb824.webp','2022-06-09 23:42:55','2022-06-09 23:42:55'),(10049,917,'62a2857fdc434.webp','2022-06-09 23:42:55','2022-06-09 23:42:55'),(10050,917,'62a2857fdcfb7.webp','2022-06-09 23:42:55','2022-06-09 23:42:55'),(10051,917,'62a2857fddc2c.webp','2022-06-09 23:42:55','2022-06-09 23:42:55'),(10052,917,'62a2857fde8c8.webp','2022-06-09 23:42:55','2022-06-09 23:42:55'),(10053,917,'62a2857fdf420.webp','2022-06-09 23:42:55','2022-06-09 23:42:55'),(10054,917,'62a2857fe009b.webp','2022-06-09 23:42:55','2022-06-09 23:42:55'),(10055,917,'62a2857fe0d4b.webp','2022-06-09 23:42:55','2022-06-09 23:42:55'),(10056,917,'62a2857fe198a.webp','2022-06-09 23:42:55','2022-06-09 23:42:55'),(10057,917,'62a2857fe2611.webp','2022-06-09 23:42:55','2022-06-09 23:42:55'),(10058,917,'62a2857fe32a4.webp','2022-06-09 23:42:55','2022-06-09 23:42:55'),(10214,888,'62b2346344b59.webp','2022-06-21 21:13:07','2022-06-21 21:13:07'),(10215,888,'62b2346345ad0.webp','2022-06-21 21:13:07','2022-06-21 21:13:07'),(10216,888,'62b2346346a0a.webp','2022-06-21 21:13:07','2022-06-21 21:13:07'),(10217,888,'62b23463477f3.webp','2022-06-21 21:13:07','2022-06-21 21:13:07'),(10218,888,'62b23463488d7.webp','2022-06-21 21:13:07','2022-06-21 21:13:07'),(10219,888,'62b2346349914.webp','2022-06-21 21:13:07','2022-06-21 21:13:07'),(10220,888,'62b234634a864.webp','2022-06-21 21:13:07','2022-06-21 21:13:07'),(10221,888,'62b234634b5c6.webp','2022-06-21 21:13:07','2022-06-21 21:13:07'),(10222,888,'62b234634c4d9.webp','2022-06-21 21:13:07','2022-06-21 21:13:07'),(10223,888,'62b234634d436.webp','2022-06-21 21:13:07','2022-06-21 21:13:07'),(10224,888,'62b234634e212.webp','2022-06-21 21:13:07','2022-06-21 21:13:07'),(10225,888,'62b234634f0fc.webp','2022-06-21 21:13:07','2022-06-21 21:13:07'),(10226,888,'62b234634ff4f.webp','2022-06-21 21:13:07','2022-06-21 21:13:07'),(10227,888,'62b2346350beb.webp','2022-06-21 21:13:07','2022-06-21 21:13:07'),(10228,888,'62b2346351718.webp','2022-06-21 21:13:07','2022-06-21 21:13:07'),(10244,918,'62b36dff5aa52.webp','2022-06-22 19:31:11','2022-06-22 19:31:11'),(10245,918,'62b36dff5c064.webp','2022-06-22 19:31:11','2022-06-22 19:31:11'),(10246,918,'62b36dff5cc37.webp','2022-06-22 19:31:11','2022-06-22 19:31:11'),(10247,918,'62b36dff5df85.webp','2022-06-22 19:31:11','2022-06-22 19:31:11'),(10248,918,'62b36dff5ef3b.webp','2022-06-22 19:31:11','2022-06-22 19:31:11'),(10249,918,'62b36dff600a5.webp','2022-06-22 19:31:11','2022-06-22 19:31:11'),(10250,918,'62b36dff61434.webp','2022-06-22 19:31:11','2022-06-22 19:31:11'),(10251,918,'62b36dff621cf.webp','2022-06-22 19:31:11','2022-06-22 19:31:11'),(10252,918,'62b36dff62fbd.webp','2022-06-22 19:31:11','2022-06-22 19:31:11'),(10253,918,'62b36dff63d3e.webp','2022-06-22 19:31:11','2022-06-22 19:31:11'),(10254,918,'62b36dff6525b.webp','2022-06-22 19:31:11','2022-06-22 19:31:11'),(10255,918,'62b36dff66c1e.webp','2022-06-22 19:31:11','2022-06-22 19:31:11'),(10256,918,'62b36dff67bd0.webp','2022-06-22 19:31:11','2022-06-22 19:31:11'),(10257,918,'62b36dff69b02.webp','2022-06-22 19:31:11','2022-06-22 19:31:11'),(10258,918,'62b36dff6ac6c.webp','2022-06-22 19:31:11','2022-06-22 19:31:11'),(10259,918,'62b36dff6ba2e.webp','2022-06-22 19:31:11','2022-06-22 19:31:11'),(10400,933,'62c8b45a585bd.webp','2022-07-08 22:48:58','2022-07-08 22:48:58'),(10401,933,'62c8b45a59a11.webp','2022-07-08 22:48:58','2022-07-08 22:48:58'),(10402,933,'62c8b45a5baf3.webp','2022-07-08 22:48:58','2022-07-08 22:48:58'),(10403,933,'62c8b45a5d785.webp','2022-07-08 22:48:58','2022-07-08 22:48:58'),(10404,933,'62c8b45a5ff74.webp','2022-07-08 22:48:58','2022-07-08 22:48:58'),(10405,933,'62c8b45a61da0.webp','2022-07-08 22:48:58','2022-07-08 22:48:58'),(10406,933,'62c8b45a632b1.webp','2022-07-08 22:48:58','2022-07-08 22:48:58'),(10407,933,'62c8b45a64da9.webp','2022-07-08 22:48:58','2022-07-08 22:48:58'),(10408,933,'62c8b45a67ce5.webp','2022-07-08 22:48:58','2022-07-08 22:48:58'),(10409,933,'62c8b45a6ab65.webp','2022-07-08 22:48:58','2022-07-08 22:48:58'),(10410,933,'62c8b45a6da35.webp','2022-07-08 22:48:58','2022-07-08 22:48:58'),(10411,933,'62c8b45a70925.webp','2022-07-08 22:48:58','2022-07-08 22:48:58'),(10412,933,'62c8b45a7380c.webp','2022-07-08 22:48:58','2022-07-08 22:48:58'),(10413,933,'62c8b45a76627.webp','2022-07-08 22:48:58','2022-07-08 22:48:58'),(10414,933,'62c8b45a78792.webp','2022-07-08 22:48:58','2022-07-08 22:48:58'),(10415,933,'62c8b45a79b1f.webp','2022-07-08 22:48:58','2022-07-08 22:48:58'),(10416,933,'62c8b45a7b015.webp','2022-07-08 22:48:58','2022-07-08 22:48:58'),(10449,959,'62d995a67aee5.webp','2022-07-21 18:06:30','2022-07-21 18:06:30'),(10450,959,'62d995a67bee6.webp','2022-07-21 18:06:30','2022-07-21 18:06:30'),(10451,959,'62d995a67cdc8.webp','2022-07-21 18:06:30','2022-07-21 18:06:30'),(10452,959,'62d995a67e11f.webp','2022-07-21 18:06:30','2022-07-21 18:06:30'),(10453,959,'62d995a67f01d.webp','2022-07-21 18:06:30','2022-07-21 18:06:30'),(10454,959,'62d995a67fdce.webp','2022-07-21 18:06:30','2022-07-21 18:06:30'),(10455,959,'62d995a680f1f.webp','2022-07-21 18:06:30','2022-07-21 18:06:30'),(10456,959,'62d995a6821e9.webp','2022-07-21 18:06:30','2022-07-21 18:06:30'),(10457,959,'62d995a68355d.webp','2022-07-21 18:06:30','2022-07-21 18:06:30'),(10458,959,'62d995a684837.webp','2022-07-21 18:06:30','2022-07-21 18:06:30'),(10459,959,'62d995a685754.webp','2022-07-21 18:06:30','2022-07-21 18:06:30'),(10460,959,'62d995a68651b.webp','2022-07-21 18:06:30','2022-07-21 18:06:30'),(10461,959,'62d995a6879b8.webp','2022-07-21 18:06:30','2022-07-21 18:06:30'),(10462,959,'62d995a688aaf.webp','2022-07-21 18:06:30','2022-07-21 18:06:30'),(10468,961,'62d996640c97f.webp','2022-07-21 18:09:40','2022-07-21 18:09:40'),(10469,961,'62d996640d773.webp','2022-07-21 18:09:40','2022-07-21 18:09:40'),(10470,961,'62d996640e5a6.webp','2022-07-21 18:09:40','2022-07-21 18:09:40'),(10471,961,'62d996640f2f7.webp','2022-07-21 18:09:40','2022-07-21 18:09:40'),(10472,961,'62d996640ff53.webp','2022-07-21 18:09:40','2022-07-21 18:09:40'),(10473,961,'62d9966410cce.webp','2022-07-21 18:09:40','2022-07-21 18:09:40'),(10474,961,'62d9966411a07.webp','2022-07-21 18:09:40','2022-07-21 18:09:40'),(10475,961,'62d996641269d.webp','2022-07-21 18:09:40','2022-07-21 18:09:40'),(10476,961,'62d996641335f.webp','2022-07-21 18:09:40','2022-07-21 18:09:40'),(10477,961,'62d99664140e8.webp','2022-07-21 18:09:40','2022-07-21 18:09:40'),(10478,961,'62d996641505d.webp','2022-07-21 18:09:40','2022-07-21 18:09:40'),(10479,961,'62d9966415e35.webp','2022-07-21 18:09:40','2022-07-21 18:09:40'),(10480,961,'62d9966416b85.webp','2022-07-21 18:09:40','2022-07-21 18:09:40'),(10481,961,'62d99664178fa.webp','2022-07-21 18:09:40','2022-07-21 18:09:40'),(10482,962,'62d997882135e.webp','2022-07-21 18:14:32','2022-07-21 18:14:32'),(10483,962,'62d9978822a28.webp','2022-07-21 18:14:32','2022-07-21 18:14:32'),(10484,962,'62d99788237bb.webp','2022-07-21 18:14:32','2022-07-21 18:14:32'),(10485,962,'62d997882596c.webp','2022-07-21 18:14:32','2022-07-21 18:14:32'),(10486,962,'62d9978826b13.webp','2022-07-21 18:14:32','2022-07-21 18:14:32'),(10487,962,'62d99788278ba.webp','2022-07-21 18:14:32','2022-07-21 18:14:32'),(10488,962,'62d9978828ecc.webp','2022-07-21 18:14:32','2022-07-21 18:14:32'),(10489,962,'62d9978829ca5.webp','2022-07-21 18:14:32','2022-07-21 18:14:32'),(10490,962,'62d997882b397.webp','2022-07-21 18:14:32','2022-07-21 18:14:32'),(10491,962,'62d997882c30f.webp','2022-07-21 18:14:32','2022-07-21 18:14:32'),(10492,962,'62d997882dc65.webp','2022-07-21 18:14:32','2022-07-21 18:14:32'),(10493,962,'62d997882e898.webp','2022-07-21 18:14:32','2022-07-21 18:14:32'),(10494,962,'62d997882f445.webp','2022-07-21 18:14:32','2022-07-21 18:14:32'),(10495,962,'62d9978830018.webp','2022-07-21 18:14:32','2022-07-21 18:14:32'),(10496,962,'62d9978832403.webp','2022-07-21 18:14:32','2022-07-21 18:14:32'),(10506,963,'62d99804c9548.webp','2022-07-21 18:16:36','2022-07-21 18:16:36'),(10507,963,'62d99804ca207.webp','2022-07-21 18:16:36','2022-07-21 18:16:36'),(10508,963,'62d99804cb0bc.webp','2022-07-21 18:16:36','2022-07-21 18:16:36'),(10509,963,'62d99804cbdd3.webp','2022-07-21 18:16:36','2022-07-21 18:16:36'),(10510,963,'62d99804ccd08.webp','2022-07-21 18:16:36','2022-07-21 18:16:36'),(10511,963,'62d99804cdac6.webp','2022-07-21 18:16:36','2022-07-21 18:16:36'),(10512,963,'62d99804ce78f.webp','2022-07-21 18:16:36','2022-07-21 18:16:36'),(10513,963,'62d99804cf48a.webp','2022-07-21 18:16:36','2022-07-21 18:16:36'),(10514,964,'62d998703aa6a.webp','2022-07-21 18:18:24','2022-07-21 18:18:24'),(10515,964,'62d998703ba7e.webp','2022-07-21 18:18:24','2022-07-21 18:18:24'),(10516,964,'62d998703c8a4.webp','2022-07-21 18:18:24','2022-07-21 18:18:24'),(10517,964,'62d998703d61b.webp','2022-07-21 18:18:24','2022-07-21 18:18:24'),(10518,964,'62d998703e261.webp','2022-07-21 18:18:24','2022-07-21 18:18:24'),(10519,964,'62d998703eeab.webp','2022-07-21 18:18:24','2022-07-21 18:18:24'),(10520,964,'62d998703fb2b.webp','2022-07-21 18:18:24','2022-07-21 18:18:24'),(10521,964,'62d99870408c1.webp','2022-07-21 18:18:24','2022-07-21 18:18:24'),(10522,964,'62d9987041617.webp','2022-07-21 18:18:24','2022-07-21 18:18:24'),(10523,964,'62d9987042366.webp','2022-07-21 18:18:24','2022-07-21 18:18:24'),(10524,964,'62d99870434d8.webp','2022-07-21 18:18:24','2022-07-21 18:18:24'),(10525,964,'62d998704406f.webp','2022-07-21 18:18:24','2022-07-21 18:18:24'),(10526,964,'62d9987044dfa.webp','2022-07-21 18:18:24','2022-07-21 18:18:24'),(10527,944,'62d99924b2007.webp','2022-07-21 18:21:24','2022-07-21 18:21:24'),(10528,944,'62d99924b35e5.webp','2022-07-21 18:21:24','2022-07-21 18:21:24'),(10529,944,'62d99924b4c91.webp','2022-07-21 18:21:24','2022-07-21 18:21:24'),(10530,944,'62d99924b611c.webp','2022-07-21 18:21:24','2022-07-21 18:21:24'),(10531,944,'62d99924b6fbb.webp','2022-07-21 18:21:24','2022-07-21 18:21:24'),(10532,944,'62d99924b8295.webp','2022-07-21 18:21:24','2022-07-21 18:21:24'),(10533,944,'62d99924b9300.webp','2022-07-21 18:21:24','2022-07-21 18:21:24'),(10534,944,'62d99924ba322.webp','2022-07-21 18:21:24','2022-07-21 18:21:24'),(10535,944,'62d99924bb88c.webp','2022-07-21 18:21:24','2022-07-21 18:21:24'),(10536,944,'62d99924bca0b.webp','2022-07-21 18:21:24','2022-07-21 18:21:24'),(10537,944,'62d99924bd85e.webp','2022-07-21 18:21:24','2022-07-21 18:21:24'),(10538,944,'62d99924be61c.webp','2022-07-21 18:21:24','2022-07-21 18:21:24'),(10539,944,'62d99924bf341.webp','2022-07-21 18:21:24','2022-07-21 18:21:24'),(10540,944,'62d99924c016b.webp','2022-07-21 18:21:24','2022-07-21 18:21:24'),(10541,944,'62d99924c0f44.webp','2022-07-21 18:21:24','2022-07-21 18:21:24'),(10542,944,'62d99924c2245.webp','2022-07-21 18:21:24','2022-07-21 18:21:24'),(10543,936,'62d99a21d89e0.webp','2022-07-21 18:25:37','2022-07-21 18:25:37'),(10544,936,'62d99a21d980c.webp','2022-07-21 18:25:37','2022-07-21 18:25:37'),(10545,936,'62d99a21da541.webp','2022-07-21 18:25:37','2022-07-21 18:25:37'),(10546,936,'62d99a21db1f3.webp','2022-07-21 18:25:37','2022-07-21 18:25:37'),(10547,936,'62d99a21dc04e.webp','2022-07-21 18:25:37','2022-07-21 18:25:37'),(10548,936,'62d99a21dcd46.webp','2022-07-21 18:25:37','2022-07-21 18:25:37'),(10549,936,'62d99a21ddaab.webp','2022-07-21 18:25:37','2022-07-21 18:25:37'),(10550,936,'62d99a21de73d.webp','2022-07-21 18:25:37','2022-07-21 18:25:37'),(10551,936,'62d99a21df478.webp','2022-07-21 18:25:37','2022-07-21 18:25:37'),(10552,936,'62d99a21e01b2.webp','2022-07-21 18:25:37','2022-07-21 18:25:37'),(10553,936,'62d99a21e0ef1.webp','2022-07-21 18:25:37','2022-07-21 18:25:37'),(10554,936,'62d99a21e1b9b.webp','2022-07-21 18:25:37','2022-07-21 18:25:37'),(10555,936,'62d99a21e27da.webp','2022-07-21 18:25:37','2022-07-21 18:25:37'),(10556,936,'62d99a21e355d.webp','2022-07-21 18:25:37','2022-07-21 18:25:37'),(10557,936,'62d99a21e41b4.webp','2022-07-21 18:25:37','2022-07-21 18:25:37'),(10635,953,'62d9e1466d6f5.webp','2022-07-21 23:29:10','2022-07-21 23:29:10'),(10636,953,'62d9e1466e935.webp','2022-07-21 23:29:10','2022-07-21 23:29:10'),(10637,953,'62d9e1466f79b.webp','2022-07-21 23:29:10','2022-07-21 23:29:10'),(10638,953,'62d9e1467050a.webp','2022-07-21 23:29:10','2022-07-21 23:29:10'),(10639,953,'62d9e1467134f.webp','2022-07-21 23:29:10','2022-07-21 23:29:10'),(10640,953,'62d9e146720c3.webp','2022-07-21 23:29:10','2022-07-21 23:29:10'),(10641,953,'62d9e14672ede.webp','2022-07-21 23:29:10','2022-07-21 23:29:10'),(10642,953,'62d9e14673d25.webp','2022-07-21 23:29:10','2022-07-21 23:29:10'),(10643,953,'62d9e14674a03.webp','2022-07-21 23:29:10','2022-07-21 23:29:10'),(10644,953,'62d9e146755c7.webp','2022-07-21 23:29:10','2022-07-21 23:29:10'),(10645,953,'62d9e1467642a.webp','2022-07-21 23:29:10','2022-07-21 23:29:10'),(10646,953,'62d9e146771d3.webp','2022-07-21 23:29:10','2022-07-21 23:29:10'),(10647,953,'62d9e14677de0.webp','2022-07-21 23:29:10','2022-07-21 23:29:10'),(10648,952,'62db158ca1303.webp','2022-07-22 21:24:28','2022-07-22 21:24:28'),(10649,952,'62db158ca2237.webp','2022-07-22 21:24:28','2022-07-22 21:24:28'),(10650,952,'62db158ca2f11.webp','2022-07-22 21:24:28','2022-07-22 21:24:28'),(10651,952,'62db158ca3bad.webp','2022-07-22 21:24:28','2022-07-22 21:24:28'),(10652,952,'62db158ca49b6.webp','2022-07-22 21:24:28','2022-07-22 21:24:28'),(10653,952,'62db158ca56fa.webp','2022-07-22 21:24:28','2022-07-22 21:24:28'),(10654,952,'62db158ca63b3.webp','2022-07-22 21:24:28','2022-07-22 21:24:28'),(10655,952,'62db158ca70b8.webp','2022-07-22 21:24:28','2022-07-22 21:24:28'),(10656,952,'62db158ca7d2d.webp','2022-07-22 21:24:28','2022-07-22 21:24:28'),(10657,952,'62db158ca8940.webp','2022-07-22 21:24:28','2022-07-22 21:24:28'),(10658,952,'62db158ca95d6.webp','2022-07-22 21:24:28','2022-07-22 21:24:28'),(10659,952,'62db158caa186.webp','2022-07-22 21:24:28','2022-07-22 21:24:28'),(10660,952,'62db158caaec9.webp','2022-07-22 21:24:28','2022-07-22 21:24:28'),(10661,956,'62e01e363af5a.webp','2022-07-26 17:02:46','2022-07-26 17:02:46'),(10662,956,'62e01e363be67.webp','2022-07-26 17:02:46','2022-07-26 17:02:46'),(10663,956,'62e01e363cc0a.webp','2022-07-26 17:02:46','2022-07-26 17:02:46'),(10664,956,'62e01e363d997.webp','2022-07-26 17:02:46','2022-07-26 17:02:46'),(10665,956,'62e01e363e750.webp','2022-07-26 17:02:46','2022-07-26 17:02:46'),(10666,956,'62e01e3640ac8.webp','2022-07-26 17:02:46','2022-07-26 17:02:46'),(10667,956,'62e01e3642480.webp','2022-07-26 17:02:46','2022-07-26 17:02:46'),(10668,956,'62e01e3643585.webp','2022-07-26 17:02:46','2022-07-26 17:02:46'),(10669,956,'62e01e364452b.webp','2022-07-26 17:02:46','2022-07-26 17:02:46'),(10670,956,'62e01e36451f0.webp','2022-07-26 17:02:46','2022-07-26 17:02:46'),(10671,956,'62e01e3646349.webp','2022-07-26 17:02:46','2022-07-26 17:02:46'),(10672,956,'62e01e36470d6.webp','2022-07-26 17:02:46','2022-07-26 17:02:46'),(10673,956,'62e01e3648218.webp','2022-07-26 17:02:46','2022-07-26 17:02:46'),(10674,956,'62e01e3649221.webp','2022-07-26 17:02:46','2022-07-26 17:02:46'),(10675,956,'62e01e364a890.webp','2022-07-26 17:02:46','2022-07-26 17:02:46'),(10676,956,'62e01e364b671.webp','2022-07-26 17:02:46','2022-07-26 17:02:46'),(10677,956,'62e01e364d0c1.webp','2022-07-26 17:02:46','2022-07-26 17:02:46'),(10678,956,'62e01e364ec47.webp','2022-07-26 17:02:46','2022-07-26 17:02:46'),(10679,956,'62e01e365011c.webp','2022-07-26 17:02:46','2022-07-26 17:02:46'),(10739,969,'62f186658ce6a.webp','2022-08-08 21:55:49','2022-08-08 21:55:49'),(10740,969,'62f186658de18.webp','2022-08-08 21:55:49','2022-08-08 21:55:49'),(10741,969,'62f186658ec84.webp','2022-08-08 21:55:49','2022-08-08 21:55:49'),(10742,969,'62f186658f9c6.webp','2022-08-08 21:55:49','2022-08-08 21:55:49'),(10743,969,'62f1866590533.webp','2022-08-08 21:55:49','2022-08-08 21:55:49'),(10744,969,'62f1866591115.webp','2022-08-08 21:55:49','2022-08-08 21:55:49'),(10745,969,'62f1866591d14.webp','2022-08-08 21:55:49','2022-08-08 21:55:49'),(10746,969,'62f1866592d15.webp','2022-08-08 21:55:49','2022-08-08 21:55:49'),(10747,969,'62f18665939a1.webp','2022-08-08 21:55:49','2022-08-08 21:55:49'),(10748,969,'62f18665946a9.webp','2022-08-08 21:55:49','2022-08-08 21:55:49'),(10749,969,'62f1866595385.webp','2022-08-08 21:55:49','2022-08-08 21:55:49'),(10750,969,'62f186659625a.webp','2022-08-08 21:55:49','2022-08-08 21:55:49'),(10751,969,'62f1866596d1f.webp','2022-08-08 21:55:49','2022-08-08 21:55:49'),(10752,969,'62f1866597886.webp','2022-08-08 21:55:49','2022-08-08 21:55:49'),(10753,969,'62f18665985de.webp','2022-08-08 21:55:49','2022-08-08 21:55:49'),(10754,969,'62f1866599c1b.webp','2022-08-08 21:55:49','2022-08-08 21:55:49'),(10755,969,'62f186659a8cf.webp','2022-08-08 21:55:49','2022-08-08 21:55:49'),(10756,969,'62f186659b4d9.webp','2022-08-08 21:55:49','2022-08-08 21:55:49'),(10757,969,'62f186659bffa.webp','2022-08-08 21:55:49','2022-08-08 21:55:49'),(10758,969,'62f186659cbcb.webp','2022-08-08 21:55:49','2022-08-08 21:55:49'),(10759,950,'62fbcdb4ee6a5.webp','2022-08-16 17:02:44','2022-08-16 17:02:44'),(10760,950,'62fbcdb4ef4b6.webp','2022-08-16 17:02:44','2022-08-16 17:02:44'),(10761,950,'62fbcdb4f0126.webp','2022-08-16 17:02:44','2022-08-16 17:02:44'),(10762,950,'62fbcdb4f0d8b.webp','2022-08-16 17:02:44','2022-08-16 17:02:44'),(10763,950,'62fbcdb4f1b1b.webp','2022-08-16 17:02:44','2022-08-16 17:02:44'),(10764,950,'62fbcdb4f285d.webp','2022-08-16 17:02:44','2022-08-16 17:02:44'),(10765,950,'62fbcdb4f34eb.webp','2022-08-16 17:02:44','2022-08-16 17:02:44'),(10766,950,'62fbcdb500004.webp','2022-08-16 17:02:45','2022-08-16 17:02:45'),(10767,950,'62fbcdb502338.webp','2022-08-16 17:02:45','2022-08-16 17:02:45'),(10768,950,'62fbcdb503246.webp','2022-08-16 17:02:45','2022-08-16 17:02:45'),(10769,950,'62fbcdb5043a4.webp','2022-08-16 17:02:45','2022-08-16 17:02:45'),(10770,950,'62fbcdb50564e.webp','2022-08-16 17:02:45','2022-08-16 17:02:45'),(10771,950,'62fbcdb506328.webp','2022-08-16 17:02:45','2022-08-16 17:02:45'),(10772,950,'62fbcdb5070bc.webp','2022-08-16 17:02:45','2022-08-16 17:02:45'),(10773,950,'62fbcdb507d96.webp','2022-08-16 17:02:45','2022-08-16 17:02:45'),(10774,971,'6320f7baec763.webp','2022-09-13 21:35:54','2022-09-13 21:35:54'),(10775,971,'6320f7baeed8d.webp','2022-09-13 21:35:54','2022-09-13 21:35:54'),(10776,971,'6320f7baefd53.webp','2022-09-13 21:35:54','2022-09-13 21:35:54'),(10777,971,'6320f7baf0ca9.webp','2022-09-13 21:35:54','2022-09-13 21:35:54'),(10778,971,'6320f7baf1c38.webp','2022-09-13 21:35:54','2022-09-13 21:35:54'),(10779,971,'6320f7baf2cce.webp','2022-09-13 21:35:54','2022-09-13 21:35:54'),(10780,971,'6320f7baf3f7c.webp','2022-09-13 21:35:54','2022-09-13 21:35:54'),(10781,971,'6320f7bb0692f.webp','2022-09-13 21:35:55','2022-09-13 21:35:55'),(10782,971,'6320f7bb08018.webp','2022-09-13 21:35:55','2022-09-13 21:35:55'),(10783,971,'6320f7bb091fd.webp','2022-09-13 21:35:55','2022-09-13 21:35:55'),(10784,971,'6320f7bb0a304.webp','2022-09-13 21:35:55','2022-09-13 21:35:55'),(10785,971,'6320f7bb0bc8c.webp','2022-09-13 21:35:55','2022-09-13 21:35:55'),(10786,971,'6320f7bb0cd2a.webp','2022-09-13 21:35:55','2022-09-13 21:35:55'),(10787,971,'6320f7bb0ddd6.webp','2022-09-13 21:35:55','2022-09-13 21:35:55'),(10788,971,'6320f7bb0ec35.webp','2022-09-13 21:35:55','2022-09-13 21:35:55'),(10789,971,'6320f7bb0fb4c.webp','2022-09-13 21:35:55','2022-09-13 21:35:55'),(10790,971,'6320f7bb10cfa.webp','2022-09-13 21:35:55','2022-09-13 21:35:55'),(10791,974,'6320f7e837dda.webp','2022-09-13 21:36:40','2022-09-13 21:36:40'),(10792,974,'6320f7e838f86.webp','2022-09-13 21:36:40','2022-09-13 21:36:40'),(10793,974,'6320f7e83a079.webp','2022-09-13 21:36:40','2022-09-13 21:36:40'),(10794,974,'6320f7e83b6b3.webp','2022-09-13 21:36:40','2022-09-13 21:36:40'),(10795,974,'6320f7e83c62b.webp','2022-09-13 21:36:40','2022-09-13 21:36:40'),(10796,974,'6320f7e83dc40.webp','2022-09-13 21:36:40','2022-09-13 21:36:40'),(10797,974,'6320f7e83f005.webp','2022-09-13 21:36:40','2022-09-13 21:36:40'),(10798,974,'6320f7e84001b.webp','2022-09-13 21:36:40','2022-09-13 21:36:40'),(10799,974,'6320f7e8410bc.webp','2022-09-13 21:36:40','2022-09-13 21:36:40'),(10800,974,'6320f7e842068.webp','2022-09-13 21:36:40','2022-09-13 21:36:40'),(10801,974,'6320f7e842f4a.webp','2022-09-13 21:36:40','2022-09-13 21:36:40'),(10802,974,'6320f7e843e19.webp','2022-09-13 21:36:40','2022-09-13 21:36:40'),(10803,974,'6320f7e844e60.webp','2022-09-13 21:36:40','2022-09-13 21:36:40'),(10804,974,'6320f7e845f0a.webp','2022-09-13 21:36:40','2022-09-13 21:36:40'),(10805,974,'6320f7e846fa8.webp','2022-09-13 21:36:40','2022-09-13 21:36:40'),(10806,972,'6320f804b3826.webp','2022-09-13 21:37:08','2022-09-13 21:37:08'),(10807,972,'6320f804b49d0.webp','2022-09-13 21:37:08','2022-09-13 21:37:08'),(10808,972,'6320f804b58c5.webp','2022-09-13 21:37:08','2022-09-13 21:37:08'),(10809,972,'6320f804b7068.webp','2022-09-13 21:37:08','2022-09-13 21:37:08'),(10810,972,'6320f804b9f0a.webp','2022-09-13 21:37:08','2022-09-13 21:37:08'),(10811,972,'6320f804be4f3.webp','2022-09-13 21:37:08','2022-09-13 21:37:08'),(10812,972,'6320f804bffcc.webp','2022-09-13 21:37:08','2022-09-13 21:37:08'),(10813,972,'6320f804c1246.webp','2022-09-13 21:37:08','2022-09-13 21:37:08'),(10814,972,'6320f804c21bf.webp','2022-09-13 21:37:08','2022-09-13 21:37:08'),(10815,972,'6320f804c31b0.webp','2022-09-13 21:37:08','2022-09-13 21:37:08'),(10816,972,'6320f804c40c3.webp','2022-09-13 21:37:08','2022-09-13 21:37:08'),(10817,972,'6320f804c4fd3.webp','2022-09-13 21:37:08','2022-09-13 21:37:08'),(10818,972,'6320f804c619d.webp','2022-09-13 21:37:08','2022-09-13 21:37:08'),(10819,972,'6320f804c711f.webp','2022-09-13 21:37:08','2022-09-13 21:37:08'),(10820,972,'6320f804c84cd.webp','2022-09-13 21:37:08','2022-09-13 21:37:08'),(10821,972,'6320f804ca8db.webp','2022-09-13 21:37:08','2022-09-13 21:37:08'),(10822,972,'6320f804cb7b0.webp','2022-09-13 21:37:08','2022-09-13 21:37:08'),(10823,975,'6320f8284ada3.webp','2022-09-13 21:37:44','2022-09-13 21:37:44'),(10824,975,'6320f8284c141.webp','2022-09-13 21:37:44','2022-09-13 21:37:44'),(10825,975,'6320f8284d168.webp','2022-09-13 21:37:44','2022-09-13 21:37:44'),(10826,975,'6320f8284e14c.webp','2022-09-13 21:37:44','2022-09-13 21:37:44'),(10827,975,'6320f8284f248.webp','2022-09-13 21:37:44','2022-09-13 21:37:44'),(10828,975,'6320f82850043.webp','2022-09-13 21:37:44','2022-09-13 21:37:44'),(10829,975,'6320f82851777.webp','2022-09-13 21:37:44','2022-09-13 21:37:44'),(10830,975,'6320f828526e5.webp','2022-09-13 21:37:44','2022-09-13 21:37:44'),(10831,975,'6320f8285378c.webp','2022-09-13 21:37:44','2022-09-13 21:37:44'),(10832,975,'6320f82854802.webp','2022-09-13 21:37:44','2022-09-13 21:37:44'),(10833,975,'6320f82855b6b.webp','2022-09-13 21:37:44','2022-09-13 21:37:44'),(10834,975,'6320f82856ca2.webp','2022-09-13 21:37:44','2022-09-13 21:37:44'),(10835,975,'6320f82857bc4.webp','2022-09-13 21:37:44','2022-09-13 21:37:44'),(10836,977,'6320f8717ec66.webp','2022-09-13 21:38:57','2022-09-13 21:38:57'),(10837,977,'6320f8718019b.webp','2022-09-13 21:38:57','2022-09-13 21:38:57'),(10838,977,'6320f871811df.webp','2022-09-13 21:38:57','2022-09-13 21:38:57'),(10839,977,'6320f87182d97.webp','2022-09-13 21:38:57','2022-09-13 21:38:57'),(10840,977,'6320f87183e37.webp','2022-09-13 21:38:57','2022-09-13 21:38:57'),(10841,977,'6320f87184e83.webp','2022-09-13 21:38:57','2022-09-13 21:38:57'),(10842,977,'6320f8718606c.webp','2022-09-13 21:38:57','2022-09-13 21:38:57'),(10843,977,'6320f871870bf.webp','2022-09-13 21:38:57','2022-09-13 21:38:57'),(10844,977,'6320f8718816a.webp','2022-09-13 21:38:57','2022-09-13 21:38:57'),(10845,977,'6320f87189139.webp','2022-09-13 21:38:57','2022-09-13 21:38:57'),(10846,977,'6320f8718a0d1.webp','2022-09-13 21:38:57','2022-09-13 21:38:57'),(10847,977,'6320f8718b0c8.webp','2022-09-13 21:38:57','2022-09-13 21:38:57'),(10848,977,'6320f8718bfdd.webp','2022-09-13 21:38:57','2022-09-13 21:38:57'),(10849,977,'6320f8718d044.webp','2022-09-13 21:38:57','2022-09-13 21:38:57'),(10850,977,'6320f8718ed1d.webp','2022-09-13 21:38:57','2022-09-13 21:38:57'),(10851,977,'6320f8718fd7e.webp','2022-09-13 21:38:57','2022-09-13 21:38:57'),(10852,977,'6320f87190e63.webp','2022-09-13 21:38:57','2022-09-13 21:38:57'),(10853,977,'6320f87191fd9.webp','2022-09-13 21:38:57','2022-09-13 21:38:57'),(10854,997,'6320fde80c543.webp','2022-09-13 22:02:16','2022-09-13 22:02:16'),(10855,997,'6320fde80d7af.webp','2022-09-13 22:02:16','2022-09-13 22:02:16'),(10856,997,'6320fde80e7fd.webp','2022-09-13 22:02:16','2022-09-13 22:02:16'),(10857,997,'6320fde80f7b5.webp','2022-09-13 22:02:16','2022-09-13 22:02:16'),(10858,997,'6320fde810814.webp','2022-09-13 22:02:16','2022-09-13 22:02:16'),(10859,997,'6320fde8118b6.webp','2022-09-13 22:02:16','2022-09-13 22:02:16'),(10860,997,'6320fde812851.webp','2022-09-13 22:02:16','2022-09-13 22:02:16'),(10861,997,'6320fde813b8a.webp','2022-09-13 22:02:16','2022-09-13 22:02:16'),(10862,997,'6320fde814b18.webp','2022-09-13 22:02:16','2022-09-13 22:02:16'),(10863,997,'6320fde8159ed.webp','2022-09-13 22:02:16','2022-09-13 22:02:16'),(10864,997,'6320fde8168f5.webp','2022-09-13 22:02:16','2022-09-13 22:02:16'),(10865,997,'6320fde8177d9.webp','2022-09-13 22:02:16','2022-09-13 22:02:16'),(10866,997,'6320fde81875b.webp','2022-09-13 22:02:16','2022-09-13 22:02:16'),(10867,997,'6320fde8196e7.webp','2022-09-13 22:02:16','2022-09-13 22:02:16'),(10868,997,'6320fde81a6ff.webp','2022-09-13 22:02:16','2022-09-13 22:02:16'),(10869,997,'6320fde81b639.webp','2022-09-13 22:02:16','2022-09-13 22:02:16'),(10870,1013,'632102a489d63.webp','2022-09-13 22:22:28','2022-09-13 22:22:28'),(10871,1013,'632102a48b150.webp','2022-09-13 22:22:28','2022-09-13 22:22:28'),(10872,1013,'632102a48c0c5.webp','2022-09-13 22:22:28','2022-09-13 22:22:28'),(10873,1013,'632102a48d085.webp','2022-09-13 22:22:28','2022-09-13 22:22:28'),(10874,1013,'632102a48e198.webp','2022-09-13 22:22:28','2022-09-13 22:22:28'),(10875,1013,'632102a48f340.webp','2022-09-13 22:22:28','2022-09-13 22:22:28'),(10876,1013,'632102a4903d5.webp','2022-09-13 22:22:28','2022-09-13 22:22:28'),(10877,1013,'632102a491483.webp','2022-09-13 22:22:28','2022-09-13 22:22:28'),(10878,1013,'632102a49227c.webp','2022-09-13 22:22:28','2022-09-13 22:22:28'),(10879,1013,'632102a493623.webp','2022-09-13 22:22:28','2022-09-13 22:22:28'),(10880,1013,'632102a494c12.webp','2022-09-13 22:22:28','2022-09-13 22:22:28'),(10881,1013,'632102a495c08.webp','2022-09-13 22:22:28','2022-09-13 22:22:28'),(10882,1013,'632102a496d4c.webp','2022-09-13 22:22:28','2022-09-13 22:22:28'),(10883,1013,'632102a497ce3.webp','2022-09-13 22:22:28','2022-09-13 22:22:28'),(10884,1013,'632102a498d18.webp','2022-09-13 22:22:28','2022-09-13 22:22:28'),(10885,1013,'632102a499c08.webp','2022-09-13 22:22:28','2022-09-13 22:22:28'),(10886,983,'6321032e2437b.webp','2022-09-13 22:24:46','2022-09-13 22:24:46'),(10887,983,'6321032e254ff.webp','2022-09-13 22:24:46','2022-09-13 22:24:46'),(10888,983,'6321032e26372.webp','2022-09-13 22:24:46','2022-09-13 22:24:46'),(10889,983,'6321032e27211.webp','2022-09-13 22:24:46','2022-09-13 22:24:46'),(10890,983,'6321032e280c4.webp','2022-09-13 22:24:46','2022-09-13 22:24:46'),(10891,983,'6321032e2910c.webp','2022-09-13 22:24:46','2022-09-13 22:24:46'),(10892,983,'6321032e2a034.webp','2022-09-13 22:24:46','2022-09-13 22:24:46'),(10893,983,'6321032e2b2a3.webp','2022-09-13 22:24:46','2022-09-13 22:24:46'),(10894,983,'6321032e2c2d7.webp','2022-09-13 22:24:46','2022-09-13 22:24:46'),(10895,983,'6321032e2dbfa.webp','2022-09-13 22:24:46','2022-09-13 22:24:46'),(10896,983,'6321032e2ecff.webp','2022-09-13 22:24:46','2022-09-13 22:24:46'),(10897,983,'6321032e2fcb3.webp','2022-09-13 22:24:46','2022-09-13 22:24:46'),(10898,983,'6321032e30c2f.webp','2022-09-13 22:24:46','2022-09-13 22:24:46'),(10899,983,'6321032e31e1f.webp','2022-09-13 22:24:46','2022-09-13 22:24:46'),(10900,983,'6321032e32e8c.webp','2022-09-13 22:24:46','2022-09-13 22:24:46'),(10901,983,'6321032e33fca.webp','2022-09-13 22:24:46','2022-09-13 22:24:46'),(10902,983,'6321032e34f5f.webp','2022-09-13 22:24:46','2022-09-13 22:24:46'),(10903,983,'6321032e36022.webp','2022-09-13 22:24:46','2022-09-13 22:24:46'),(10904,1003,'6321188bad62f.webp','2022-09-13 23:55:55','2022-09-13 23:55:55'),(10905,1003,'6321188bae944.webp','2022-09-13 23:55:55','2022-09-13 23:55:55'),(10906,1003,'6321188bafa67.webp','2022-09-13 23:55:55','2022-09-13 23:55:55'),(10907,1003,'6321188bb0a55.webp','2022-09-13 23:55:55','2022-09-13 23:55:55'),(10908,1003,'6321188bb19eb.webp','2022-09-13 23:55:55','2022-09-13 23:55:55'),(10909,1003,'6321188bb2921.webp','2022-09-13 23:55:55','2022-09-13 23:55:55'),(10910,1003,'6321188bb39ac.webp','2022-09-13 23:55:55','2022-09-13 23:55:55'),(10911,1003,'6321188bb48d7.webp','2022-09-13 23:55:55','2022-09-13 23:55:55'),(10912,1003,'6321188bb57fc.webp','2022-09-13 23:55:55','2022-09-13 23:55:55'),(10913,1003,'6321188bb677f.webp','2022-09-13 23:55:55','2022-09-13 23:55:55'),(10914,1003,'6321188bb78ff.webp','2022-09-13 23:55:55','2022-09-13 23:55:55'),(10915,1003,'6321188bb88d6.webp','2022-09-13 23:55:55','2022-09-13 23:55:55'),(10916,1003,'6321188bb9804.webp','2022-09-13 23:55:55','2022-09-13 23:55:55'),(10917,1003,'6321188bba978.webp','2022-09-13 23:55:55','2022-09-13 23:55:55'),(10918,1003,'6321188bbba7c.webp','2022-09-13 23:55:55','2022-09-13 23:55:55'),(10919,1003,'6321188bbcb3e.webp','2022-09-13 23:55:55','2022-09-13 23:55:55'),(10920,995,'632118b180fae.webp','2022-09-13 23:56:33','2022-09-13 23:56:33'),(10921,995,'632118b1821a1.webp','2022-09-13 23:56:33','2022-09-13 23:56:33'),(10922,995,'632118b183196.webp','2022-09-13 23:56:33','2022-09-13 23:56:33'),(10923,995,'632118b1840be.webp','2022-09-13 23:56:33','2022-09-13 23:56:33'),(10924,995,'632118b185084.webp','2022-09-13 23:56:33','2022-09-13 23:56:33'),(10925,995,'632118b185fed.webp','2022-09-13 23:56:33','2022-09-13 23:56:33'),(10926,995,'632118b186f85.webp','2022-09-13 23:56:33','2022-09-13 23:56:33'),(10927,995,'632118b187f71.webp','2022-09-13 23:56:33','2022-09-13 23:56:33'),(10928,995,'632118b188ead.webp','2022-09-13 23:56:33','2022-09-13 23:56:33'),(10929,995,'632118b189eea.webp','2022-09-13 23:56:33','2022-09-13 23:56:33'),(10930,995,'632118b18ad3a.webp','2022-09-13 23:56:33','2022-09-13 23:56:33'),(10931,995,'632118b18bc44.webp','2022-09-13 23:56:33','2022-09-13 23:56:33'),(10932,995,'632118b18cb16.webp','2022-09-13 23:56:33','2022-09-13 23:56:33'),(10933,995,'632118b18d9eb.webp','2022-09-13 23:56:33','2022-09-13 23:56:33'),(10934,995,'632118b18e8d3.webp','2022-09-13 23:56:33','2022-09-13 23:56:33'),(10935,995,'632118b18f7ae.webp','2022-09-13 23:56:33','2022-09-13 23:56:33'),(10936,994,'632118cc7d64a.webp','2022-09-13 23:57:00','2022-09-13 23:57:00'),(10937,994,'632118cc7e6a5.webp','2022-09-13 23:57:00','2022-09-13 23:57:00'),(10938,994,'632118cc7f669.webp','2022-09-13 23:57:00','2022-09-13 23:57:00'),(10939,994,'632118cc80682.webp','2022-09-13 23:57:00','2022-09-13 23:57:00'),(10940,994,'632118cc815b0.webp','2022-09-13 23:57:00','2022-09-13 23:57:00'),(10941,994,'632118cc82573.webp','2022-09-13 23:57:00','2022-09-13 23:57:00'),(10942,994,'632118cc84045.webp','2022-09-13 23:57:00','2022-09-13 23:57:00'),(10943,994,'632118cc85054.webp','2022-09-13 23:57:00','2022-09-13 23:57:00'),(10944,994,'632118cc85ebd.webp','2022-09-13 23:57:00','2022-09-13 23:57:00'),(10945,994,'632118cc86d8a.webp','2022-09-13 23:57:00','2022-09-13 23:57:00'),(10946,994,'632118cc87cc1.webp','2022-09-13 23:57:00','2022-09-13 23:57:00'),(10947,994,'632118cc88c57.webp','2022-09-13 23:57:00','2022-09-13 23:57:00'),(10948,994,'632118cc89c9f.webp','2022-09-13 23:57:00','2022-09-13 23:57:00'),(10949,994,'632118cc8ab6f.webp','2022-09-13 23:57:00','2022-09-13 23:57:00'),(10950,994,'632118cc8be17.webp','2022-09-13 23:57:00','2022-09-13 23:57:00'),(10951,994,'632118cc8ce3a.webp','2022-09-13 23:57:00','2022-09-13 23:57:00'),(10952,994,'632118cc8ddec.webp','2022-09-13 23:57:00','2022-09-13 23:57:00'),(10953,994,'632118cc8eda2.webp','2022-09-13 23:57:00','2022-09-13 23:57:00'),(10954,994,'632118cc8fb9d.webp','2022-09-13 23:57:00','2022-09-13 23:57:00'),(10955,994,'632118cc909ad.webp','2022-09-13 23:57:00','2022-09-13 23:57:00'),(10956,993,'632118e44aa8f.webp','2022-09-13 23:57:24','2022-09-13 23:57:24'),(10957,993,'632118e44bc2d.webp','2022-09-13 23:57:24','2022-09-13 23:57:24'),(10958,993,'632118e44cd5b.webp','2022-09-13 23:57:24','2022-09-13 23:57:24'),(10959,993,'632118e44dc65.webp','2022-09-13 23:57:24','2022-09-13 23:57:24'),(10960,993,'632118e44ec3d.webp','2022-09-13 23:57:24','2022-09-13 23:57:24'),(10961,993,'632118e44fb6b.webp','2022-09-13 23:57:24','2022-09-13 23:57:24'),(10962,993,'632118e450c10.webp','2022-09-13 23:57:24','2022-09-13 23:57:24'),(10963,993,'632118e451cd6.webp','2022-09-13 23:57:24','2022-09-13 23:57:24'),(10964,993,'632118e452c40.webp','2022-09-13 23:57:24','2022-09-13 23:57:24'),(10965,993,'632118e453aa4.webp','2022-09-13 23:57:24','2022-09-13 23:57:24'),(10966,993,'632118e454acd.webp','2022-09-13 23:57:24','2022-09-13 23:57:24'),(10967,993,'632118e455df4.webp','2022-09-13 23:57:24','2022-09-13 23:57:24'),(10968,993,'632118e456dd9.webp','2022-09-13 23:57:24','2022-09-13 23:57:24'),(10969,993,'632118e457e28.webp','2022-09-13 23:57:24','2022-09-13 23:57:24'),(10970,993,'632118e458e04.webp','2022-09-13 23:57:24','2022-09-13 23:57:24'),(10971,993,'632118e459eb7.webp','2022-09-13 23:57:24','2022-09-13 23:57:24'),(10972,991,'632118fb010be.webp','2022-09-13 23:57:47','2022-09-13 23:57:47'),(10973,991,'632118fb02218.webp','2022-09-13 23:57:47','2022-09-13 23:57:47'),(10974,991,'632118fb030eb.webp','2022-09-13 23:57:47','2022-09-13 23:57:47'),(10975,991,'632118fb04022.webp','2022-09-13 23:57:47','2022-09-13 23:57:47'),(10976,991,'632118fb04f66.webp','2022-09-13 23:57:47','2022-09-13 23:57:47'),(10977,991,'632118fb05eb7.webp','2022-09-13 23:57:47','2022-09-13 23:57:47'),(10978,991,'632118fb06df2.webp','2022-09-13 23:57:47','2022-09-13 23:57:47'),(10979,991,'632118fb07c2a.webp','2022-09-13 23:57:47','2022-09-13 23:57:47'),(10980,991,'632118fb08b1a.webp','2022-09-13 23:57:47','2022-09-13 23:57:47'),(10981,990,'632119147c6b8.webp','2022-09-13 23:58:12','2022-09-13 23:58:12'),(10982,990,'632119147d6f1.webp','2022-09-13 23:58:12','2022-09-13 23:58:12'),(10983,990,'632119147e61e.webp','2022-09-13 23:58:12','2022-09-13 23:58:12'),(10984,990,'632119147f4c8.webp','2022-09-13 23:58:12','2022-09-13 23:58:12'),(10985,990,'632119148037a.webp','2022-09-13 23:58:12','2022-09-13 23:58:12'),(10986,990,'632119148129b.webp','2022-09-13 23:58:12','2022-09-13 23:58:12'),(10987,990,'632119148213a.webp','2022-09-13 23:58:12','2022-09-13 23:58:12'),(10988,990,'6321191482fb5.webp','2022-09-13 23:58:12','2022-09-13 23:58:12'),(10989,990,'6321191483e56.webp','2022-09-13 23:58:12','2022-09-13 23:58:12'),(10990,990,'6321191484c56.webp','2022-09-13 23:58:12','2022-09-13 23:58:12'),(10991,990,'6321191485a2a.webp','2022-09-13 23:58:12','2022-09-13 23:58:12'),(10992,990,'6321191486880.webp','2022-09-13 23:58:12','2022-09-13 23:58:12'),(10993,990,'63211914877aa.webp','2022-09-13 23:58:12','2022-09-13 23:58:12'),(10994,990,'6321191488543.webp','2022-09-13 23:58:12','2022-09-13 23:58:12'),(10995,990,'63211914892ff.webp','2022-09-13 23:58:12','2022-09-13 23:58:12'),(10996,990,'632119148aa63.webp','2022-09-13 23:58:12','2022-09-13 23:58:12'),(10997,988,'63211951178fb.webp','2022-09-13 23:59:13','2022-09-13 23:59:13'),(10998,988,'6321195118acb.webp','2022-09-13 23:59:13','2022-09-13 23:59:13'),(10999,988,'632119511a158.webp','2022-09-13 23:59:13','2022-09-13 23:59:13'),(11000,988,'632119511b342.webp','2022-09-13 23:59:13','2022-09-13 23:59:13'),(11001,988,'632119511c3c1.webp','2022-09-13 23:59:13','2022-09-13 23:59:13'),(11002,988,'632119511d41c.webp','2022-09-13 23:59:13','2022-09-13 23:59:13'),(11003,988,'632119511e4e8.webp','2022-09-13 23:59:13','2022-09-13 23:59:13'),(11004,988,'632119511febb.webp','2022-09-13 23:59:13','2022-09-13 23:59:13'),(11005,988,'6321195120ef9.webp','2022-09-13 23:59:13','2022-09-13 23:59:13'),(11006,988,'6321195121eb5.webp','2022-09-13 23:59:13','2022-09-13 23:59:13'),(11007,988,'6321195122ecf.webp','2022-09-13 23:59:13','2022-09-13 23:59:13'),(11008,988,'6321195124438.webp','2022-09-13 23:59:13','2022-09-13 23:59:13'),(11009,988,'632119512554c.webp','2022-09-13 23:59:13','2022-09-13 23:59:13'),(11010,988,'6321195127c0f.webp','2022-09-13 23:59:13','2022-09-13 23:59:13'),(11011,988,'6321195128bcf.webp','2022-09-13 23:59:13','2022-09-13 23:59:13'),(11012,988,'6321195129bc7.webp','2022-09-13 23:59:13','2022-09-13 23:59:13'),(11013,985,'6321197499b08.webp','2022-09-13 23:59:48','2022-09-13 23:59:48'),(11014,985,'632119749af67.webp','2022-09-13 23:59:48','2022-09-13 23:59:48'),(11015,985,'632119749c0a5.webp','2022-09-13 23:59:48','2022-09-13 23:59:48'),(11016,985,'632119749d11d.webp','2022-09-13 23:59:48','2022-09-13 23:59:48'),(11017,985,'632119749e3f6.webp','2022-09-13 23:59:48','2022-09-13 23:59:48'),(11018,985,'632119749f2b4.webp','2022-09-13 23:59:48','2022-09-13 23:59:48'),(11019,985,'63211974a03ee.webp','2022-09-13 23:59:48','2022-09-13 23:59:48'),(11020,985,'63211974a1254.webp','2022-09-13 23:59:48','2022-09-13 23:59:48'),(11021,985,'63211974a2152.webp','2022-09-13 23:59:48','2022-09-13 23:59:48'),(11022,985,'63211974a2f27.webp','2022-09-13 23:59:48','2022-09-13 23:59:48'),(11023,985,'63211974a3d42.webp','2022-09-13 23:59:48','2022-09-13 23:59:48'),(11024,985,'63211974a4be4.webp','2022-09-13 23:59:48','2022-09-13 23:59:48'),(11025,985,'63211974a5a76.webp','2022-09-13 23:59:48','2022-09-13 23:59:48'),(11026,985,'63211974a6a9d.webp','2022-09-13 23:59:48','2022-09-13 23:59:48'),(11027,985,'63211974a7b52.webp','2022-09-13 23:59:48','2022-09-13 23:59:48'),(11028,985,'63211974a8946.webp','2022-09-13 23:59:48','2022-09-13 23:59:48'),(11029,978,'632119adea0e5.webp','2022-09-14 00:00:45','2022-09-14 00:00:45'),(11030,978,'632119adeb164.webp','2022-09-14 00:00:45','2022-09-14 00:00:45'),(11031,978,'632119adec0fc.webp','2022-09-14 00:00:45','2022-09-14 00:00:45'),(11032,978,'632119adeceb9.webp','2022-09-14 00:00:45','2022-09-14 00:00:45'),(11033,978,'632119adedd34.webp','2022-09-14 00:00:45','2022-09-14 00:00:45'),(11034,978,'632119adeebb4.webp','2022-09-14 00:00:45','2022-09-14 00:00:45'),(11035,978,'632119adefa61.webp','2022-09-14 00:00:45','2022-09-14 00:00:45'),(11036,978,'632119adf09e0.webp','2022-09-14 00:00:45','2022-09-14 00:00:45'),(11037,978,'632119adf1959.webp','2022-09-14 00:00:45','2022-09-14 00:00:45'),(11038,978,'632119adf2a7c.webp','2022-09-14 00:00:45','2022-09-14 00:00:45'),(11039,978,'632119adf3e6c.webp','2022-09-14 00:00:45','2022-09-14 00:00:45'),(11040,978,'632119ae00dbf.webp','2022-09-14 00:00:46','2022-09-14 00:00:46'),(11041,978,'632119ae01eac.webp','2022-09-14 00:00:46','2022-09-14 00:00:46'),(11042,978,'632119ae02d20.webp','2022-09-14 00:00:46','2022-09-14 00:00:46'),(11043,978,'632119ae03c5a.webp','2022-09-14 00:00:46','2022-09-14 00:00:46'),(11044,978,'632119ae04aab.webp','2022-09-14 00:00:46','2022-09-14 00:00:46'),(11045,978,'632119ae0591d.webp','2022-09-14 00:00:46','2022-09-14 00:00:46');
/*!40000 ALTER TABLE `images` ENABLE KEYS */;
UNLOCK TABLES;
commit;

--
-- Table structure for table `inventory`
--

DROP TABLE IF EXISTS `inventory`;
/*!40101 SET @saved_cs_client     = @@character_set_client */;
/*!50503 SET character_set_client = utf8mb4 */;
CREATE TABLE `inventory` (
  `id` bigint unsigned NOT NULL AUTO_INCREMENT,
  `stock_num` varchar(55) CHARACTER SET utf8mb4 COLLATE utf8mb4_unicode_ci DEFAULT NULL,
  `vin` varchar(35) CHARACTER SET utf8mb4 COLLATE utf8mb4_unicode_ci DEFAULT NULL,
  `year` varchar(35) CHARACTER SET utf8mb4 COLLATE utf8mb4_unicode_ci DEFAULT NULL,
  `make` varchar(75) CHARACTER SET utf8mb4 COLLATE utf8mb4_unicode_ci DEFAULT NULL,
  `model` varchar(75) CHARACTER SET utf8mb4 COLLATE utf8mb4_unicode_ci DEFAULT NULL,
  `trim` varchar(75) CHARACTER SET utf8mb4 COLLATE utf8mb4_unicode_ci DEFAULT NULL,
  `kms` decimal(8,0) DEFAULT NULL,
  `title` varchar(175) CHARACTER SET utf8mb4 COLLATE utf8mb4_unicode_ci DEFAULT NULL,
  `color` varchar(100) CHARACTER SET utf8mb4 COLLATE utf8mb4_unicode_ci DEFAULT NULL,
  `trans` varchar(100) CHARACTER SET utf8mb4 COLLATE utf8mb4_unicode_ci DEFAULT NULL,
  `dis` varchar(15) CHARACTER SET utf8mb4 COLLATE utf8mb4_unicode_ci DEFAULT NULL,
  `dok` varchar(15) CHARACTER SET utf8mb4 COLLATE utf8mb4_unicode_ci DEFAULT NULL,
  `page` varchar(15) CHARACTER SET utf8mb4 COLLATE utf8mb4_unicode_ci DEFAULT NULL,
  `ad_num` varchar(95) CHARACTER SET utf8mb4 COLLATE utf8mb4_unicode_ci DEFAULT NULL,
  `price` decimal(8,0) DEFAULT NULL,
  `desc` text CHARACTER SET utf8mb4 COLLATE utf8mb4_unicode_ci,
  `created_at` timestamp NULL DEFAULT NULL,
  `updated_at` timestamp NULL DEFAULT NULL,
  PRIMARY KEY (`id`)
) ENGINE=InnoDB AUTO_INCREMENT=1017 DEFAULT CHARSET=utf8mb4 COLLATE=utf8mb4_unicode_ci;
/*!40101 SET character_set_client = @saved_cs_client */;

--
-- Dumping data for table `inventory`
--

LOCK TABLES `inventory` WRITE;
/*!40000 ALTER TABLE `inventory` DISABLE KEYS */;
set autocommit=0;
INSERT INTO `inventory` VALUES (598,'K58499',NULL,'2020','Ram','1500','Big Horn/Lone Star',61809,'2020 Ram 1500 Big Horn/Lone Star/SunRoof/R.Starter','Red','Automatic w/ Manual Mode',NULL,NULL,NULL,'null',49990,NULL,'2021-09-04 20:52:38','2022-09-13 21:05:55'),(682,'K11608',NULL,'2013','Ford','Flex','SEL AWD',210757,'2013 Ford Flex SEL','Brown','Automatic',NULL,NULL,NULL,'null',10900,NULL,'2021-11-25 21:50:11','2022-09-13 21:05:56'),(708,'K94418',NULL,'2015','Audi','A3','TECHNIK',80143,'2015 Audi A3 TECHNIK','Black','Automatic',NULL,NULL,NULL,'null',25900,NULL,'2021-12-24 23:23:35','2021-12-24 23:32:56'),(733,'K81137',NULL,'2018','Kia','Forte','LX',147108,'2018 Kia Forte LX','Red','Automatic',NULL,NULL,NULL,'null',17900,NULL,'2022-01-14 21:54:11','2022-09-13 21:05:56'),(738,'K65842',NULL,'2017','Ford','Escape','SE AWD',177182,'2017 Ford Escape SE AWD','Black','Automatic',NULL,NULL,NULL,'null',17900,NULL,'2022-01-19 16:27:50','2022-09-13 21:05:56'),(762,'K76088',NULL,'2017','Mercedes-Benz','CLA','4Matic',82421,'2017 Mercedes-Benz CLA 4Matic','Black','Automatic',NULL,NULL,NULL,'null',26900,NULL,'2022-02-03 22:56:29','2022-09-13 21:05:56'),(778,'K13114',NULL,'2020','Toyota','Corolla','LE',25251,'2020 Toyota Corolla LE','Black','Automatic',NULL,NULL,NULL,'null',28500,NULL,'2022-03-04 17:33:16','2022-09-13 21:05:55'),(780,'K26173',NULL,'2019','Toyota','Camry','LE',129918,'2019 Toyota Camry LE (North)','Grey','Automatic',NULL,NULL,NULL,'null',27500,NULL,'2022-03-08 19:09:51','2022-09-13 21:05:55'),(781,'K79596',NULL,'2018','Chevrolet','Equinox','LT',82080,'2018 Chevrolet Equinox LT (North)','Red','Automatic',NULL,NULL,NULL,'null',29900,NULL,'2022-03-08 19:09:51','2022-09-13 21:05:55'),(783,'K34868',NULL,'2017','Ram','1500','ST',142238,'2017 Ram 1500 5.7 HEMI','Black','Automatic',NULL,NULL,NULL,'null',32500,NULL,'2022-03-08 19:09:51','2022-09-13 21:05:56'),(787,'K37371',NULL,'2014','Jeep','Cherokee','Latitude',120017,'2014 Jeep Cherokee Latitude (North)','Grey','Automatic',NULL,NULL,NULL,'null',20500,NULL,'2022-03-08 19:09:51','2022-09-13 21:05:56'),(798,'K04426',NULL,'2009','Ford','Explorer','Limited',198012,'2009 Ford Explorer Limited','Black','Automatic',NULL,NULL,NULL,'null',9900,NULL,'2022-03-11 21:07:34','2022-09-13 21:05:56'),(802,'K04365',NULL,'2017','Mitsubishi','RVR','SE',86197,'2017 Mitsubishi RVR SE','White','Automatic',NULL,NULL,NULL,'null',24900,NULL,'2022-03-18 18:45:17','2022-09-13 21:05:56'),(803,'K21211',NULL,'2016','Lincoln','MKX','Reserve',101910,'2016 Lincoln MKX Reserve','Black','Automatic',NULL,NULL,NULL,'null',29900,NULL,'2022-03-18 18:45:17','2022-09-13 21:05:56'),(808,'K39716',NULL,'2018','Subaru','Forester','Premium',159876,'2018 Subaru Forester Premium (North)','Black','Automatic',NULL,NULL,NULL,'null',25500,NULL,'2022-03-21 22:58:30','2022-09-13 21:05:55'),(809,'K99535',NULL,'2017','Volkswagen','Jetta Sedan','SE',133417,'2017 Volkswagen Jetta Sedan SE','Red','Automatic',NULL,NULL,NULL,'null',17900,NULL,'2022-03-21 22:58:30','2022-09-13 21:05:56'),(810,'K08678',NULL,'2016','Mitsubishi','Outlander','GT',142269,'2016 Mitsubishi Outlander GT (North)','Blue','Automatic',NULL,NULL,NULL,'null',22500,NULL,'2022-03-21 22:58:30','2022-09-13 21:05:56'),(817,'K82478',NULL,'2016','Chrysler','300','S',124312,'2016 Chrysler 300 S','Grey','Automatic',NULL,NULL,NULL,'null',24900,NULL,'2022-03-24 18:10:49','2022-09-13 21:05:56'),(825,'K15215',NULL,'2018','Hyundai','Tucson','SEL',33782,'2018 Hyundai Tucson SLE','White','Automatic',NULL,NULL,NULL,'null',32900,NULL,'2022-04-01 21:16:27','2022-09-13 21:05:56'),(829,'K02304',NULL,'2016','Nissan','Murano','SV',157294,'2016 Nissan Murano SV','Grey','Automatic',NULL,NULL,NULL,'null',23500,NULL,'2022-04-07 16:33:36','2022-09-13 21:05:56'),(830,'K58936',NULL,'2015','Chevrolet','Silverado','1500',115179,'2015 Chevrolet Silverado 1500 (North)','Red','Automatic',NULL,NULL,NULL,'null',32900,NULL,'2022-04-07 16:33:36','2022-09-13 21:05:56'),(836,'K39771',NULL,'2015','GMC','Sierra 1500','Denali',125080,'2015 GMC Sierra 1500 Denali (North)','White','Automatic',NULL,NULL,NULL,'null',44900,NULL,'2022-04-07 16:44:08','2022-09-13 21:05:56'),(837,'K32328',NULL,'2015','Chevrolet','Silverado 1500','LT',174182,'2015 Chevrolet Silverado 1500 LT (North)','Black','Automatic',NULL,NULL,NULL,'null',27900,NULL,'2022-04-07 16:48:20','2022-09-13 21:05:56'),(838,'K37262',NULL,'2015','Chevrolet','Silverado','1500',63214,'2015 Chevrolet Silverado 1500 (North)','Blue','Automatic',NULL,NULL,NULL,'null',41000,NULL,'2022-04-07 16:48:20','2022-09-13 21:05:56'),(842,'K07949',NULL,'2013','Ford','Explorer','XLT',213149,'2013 Ford Explorer XLT','Grey','Automatic',NULL,NULL,NULL,'null',15900,NULL,'2022-04-09 21:01:22','2022-09-13 21:05:56'),(853,'K40874',NULL,'2016','Chevrolet','MALIBU LIMITED','LTZ',159124,'2016 Chevrolet MALIBU LIMITED LTZ','Silver','Automatic',NULL,NULL,NULL,'null',18500,NULL,'2022-04-14 19:29:29','2022-09-13 21:05:56'),(854,'K00688',NULL,'2015','Jeep','Cherokee','Latitude',183226,'2015 Jeep Cherokee Latitude','Grey','Automatic',NULL,NULL,NULL,'null',17900,NULL,'2022-04-14 19:29:29','2022-09-13 21:05:56'),(871,'K67732',NULL,'2019','Ram','3500','6.7L/Cummins/LongBox',181531,'2019 Ram 3500 Big Horn 6.7L Cummins Diesel/Long Box','Grey','8-Speed A/T',NULL,NULL,NULL,'null',61900,NULL,'2022-04-27 19:14:05','2022-09-13 21:05:55'),(873,'K20467',NULL,'2012','Ford','F-150','FX4',273665,'2012 Ford F-150 FX4','Blue','Automatic',NULL,NULL,NULL,'null',18900,NULL,'2022-04-27 19:14:05','2022-09-13 21:05:56'),(878,'K59173',NULL,'2015','Chrysler','300','Touring Limited',94203,'2015 Chrysler 300 Touring Limited','Maroon','Automatic',NULL,NULL,NULL,'null',22900,NULL,'2022-05-05 20:05:51','2022-09-13 21:05:56'),(881,'K67624',NULL,'2018','Hyundai','Elantra','SEL',91390,'2018 Hyundai Elantra SEL','Red','Automatic',NULL,NULL,NULL,'null',22900,NULL,'2022-05-10 21:34:23','2022-09-13 21:05:56'),(882,'K03254',NULL,'2017','Volkswagen','Touareg','Sportline',92452,'2017 Volkswagen Touareg Sportline','Grey','Automatic',NULL,NULL,NULL,'null',35900,NULL,'2022-05-10 21:34:23','2022-09-13 21:05:56'),(887,'K18970',NULL,'2014','GMC','Sierra 1500','Denali',261133,'2014 GMC Sierra 1500 Denali','Grey','Automatic',NULL,NULL,NULL,'null',22900,NULL,'2022-05-16 16:35:47','2022-09-13 21:05:56'),(888,'K80062',NULL,'2018','GMC','Sierra 1500','5.3 L Crew  Cab',142582,'2018 GMC Sierra 1500 5.3 L Crew  Cab','Silver','Automatic',NULL,NULL,NULL,'null',32900,NULL,'2022-05-17 21:52:16','2022-09-13 21:05:55'),(893,'K00837',NULL,'2016','Jeep','Cherokee','Latitude',140574,'2016 Jeep Cherokee Latitude','Red','Automatic',NULL,NULL,NULL,'null',21500,NULL,'2022-05-20 16:01:28','2022-09-13 21:05:56'),(910,'K04931',NULL,'2019','Jeep','Wrangler Unlimited','Sahara',91217,'2019 Jeep Wrangler Unlimited Sahara','Green','Automatic',NULL,NULL,NULL,'null',51900,NULL,'2022-06-06 16:18:01','2022-09-13 21:05:55'),(917,'K62551',NULL,'2016','Chevrolet','Silverado 1500','High Country',57910,'2016 Chevrolet Silverado 1500 High Country','Grey','Automatic',NULL,NULL,NULL,'null',43900,NULL,'2022-06-09 23:32:59','2022-09-13 21:05:56'),(918,'K39964',NULL,'2015','Jeep','Grand Cherokee','Overland',125659,'2015 Jeep Grand Cherokee Overland','Black','Automatic',NULL,NULL,NULL,'null',29900,NULL,'2022-06-09 23:33:00','2022-09-13 21:05:56'),(933,'k90919',NULL,'2019','Audi','A3 SEDAN','Komfort QUATTRO',59400,'2019 Audi A3 SEDAN Komfort','Red','Automatic',NULL,NULL,NULL,'null',35500,NULL,'2022-07-08 15:48:22','2022-09-13 21:05:55'),(935,'k74377',NULL,'2018','Ford','Explorer','XLT AWD',184616,'2018 Ford Explorer XLT','Grey','Automatic',NULL,NULL,NULL,'null',27500,NULL,'2022-07-08 15:48:22','2022-09-13 21:05:56'),(936,'K08923',NULL,'2016','Volkswagen','Golf GTI','Autobahn',88200,'2016 Volkswagen Golf GTI Autobahn','Grey','Automatic',NULL,NULL,NULL,'null',29900,NULL,'2022-07-08 15:48:22','2022-09-13 21:05:56'),(942,'K79248',NULL,'2010','Chrysler','300','Limited',110621,'2010 Chrysler 300 Limited','Gold','Auto',NULL,NULL,NULL,'null',9900,NULL,'2022-07-08 15:48:22','2022-09-13 21:05:56'),(944,'K70820',NULL,'2017','Dodge','Grand Caravan','SXT',62983,'2017 Dodge Grand Caravan SXT','Black','Automatic',NULL,NULL,NULL,'null',24900,NULL,'2022-07-08 20:30:44','2022-09-13 21:05:56'),(950,'K07234',NULL,'2017','Ram','3500','SLT',153465,'2017 Ram 3500 SLT 5.7 Hemi','White','Automatic',NULL,NULL,NULL,'null',33900,NULL,'2022-07-20 17:05:27','2022-09-13 21:05:56'),(952,'K30842',NULL,'2016','Ram','2500','SLT',182350,'2016 Ram 2500 SLT 5.7 Hemi','White','Automatic',NULL,NULL,NULL,'null',31900,NULL,'2022-07-20 17:05:27','2022-09-13 21:05:56'),(953,'K88587',NULL,'2016','Buick','Encore','AWD',82453,'2016 Buick Encore AWD','White','Automatic',NULL,NULL,NULL,'null',22900,NULL,'2022-07-20 17:05:27','2022-09-13 21:05:56'),(956,'K21646',NULL,'2015','Hyundai','Santa Fe Sport','Luxury',121190,'2015 Hyundai Santa Fe Sport Luxury','Silver','Automatic',NULL,NULL,NULL,'null',23900,NULL,'2022-07-20 17:05:27','2022-09-13 21:05:56'),(959,'K77908',NULL,'2014','Ford','F-150','Supercrew',195010,'2014 Ford F-150 Supercrew','Red','Automatic',NULL,NULL,NULL,'null',19900,NULL,'2022-07-20 17:05:27','2022-09-13 21:05:56'),(961,'K03870',NULL,'2014','Chrysler','300','300C',199487,'2014 Chrysler 300 300C  5.7 Hemi AWD','Silver','Automatic',NULL,NULL,NULL,'null',15900,NULL,'2022-07-20 17:05:27','2022-09-12 19:05:11'),(962,'K05728',NULL,'2014','Dodge','Journey','SXT',120399,'2014 Dodge Journey SXT','White','Automatic w/ Manual Mode',NULL,NULL,NULL,'null',14900,NULL,'2022-07-20 17:05:27','2022-09-13 21:05:56'),(963,'K13583',NULL,'2013','Honda','CR-V','EX',112709,'2013 Honda CR-V EX','Burgandy','Automatic',NULL,NULL,NULL,'null',19900,NULL,'2022-07-20 17:05:27','2022-09-12 19:05:11'),(964,'K19005',NULL,'2011','BMW','3 Series','335i xDrive',159622,'2011 BMW 3 Series 335i xDrive','White','Automatic',NULL,NULL,NULL,'null',16900,NULL,'2022-07-20 17:05:27','2022-09-13 21:05:56'),(969,'K68365',NULL,'2014','Nissan','Pathfinder','Platinum',173526,'2014 Nissan Pathfinder Platinum','Silver','Automatic',NULL,NULL,NULL,'null',18900,NULL,'2022-07-26 17:04:57','2022-09-13 21:05:56'),(971,'K49895',NULL,'2019','Nissan','Qashqai','SV',70746,'2019 Nissan Qashqai SV','Grey','Automatic',NULL,NULL,NULL,'26613908',23500,NULL,'2022-09-12 19:05:11','2022-09-13 21:13:25'),(972,'K90956',NULL,'2018','BMW','X1','XDrive28i',55192,'2018 BMW X1 XDrive28i','Blue','Automatic',NULL,NULL,NULL,'26546939',36900,NULL,'2022-09-12 19:05:11','2022-09-13 21:13:17'),(974,'K06776',NULL,'2017','Mitsubishi','Lancer','ES AWC',159002,'2017 Mitsubishi Lancer ES AWC','White','Automatic',NULL,NULL,NULL,'26478235',17900,NULL,'2022-09-12 19:05:11','2022-09-13 21:36:40'),(975,'K20796',NULL,'2017','Mazda','Mazda3','Sport',93367,'2017 Mazda Mazda3 Sport','Red','Automatic',NULL,NULL,NULL,'26392318',22900,NULL,'2022-09-12 19:05:11','2022-09-13 21:12:34'),(976,'K82386',NULL,'2017','Ram','1500','SLT',146982,'2017 Ram 1500 SLT','White','Automatic',NULL,NULL,NULL,'26691906',28900,NULL,'2022-09-12 19:05:11','2022-09-13 21:11:59'),(977,'K82798',NULL,'2016','Chrysler','Town & Country','Touring',115690,'2016 Chrysler Town & Country Touring','White','Automatic',NULL,NULL,NULL,'23744698',23900,NULL,'2022-09-12 19:05:11','2022-09-13 21:11:48'),(978,'K57356',NULL,'2016','Nissan','Rogue','SV',100771,'2016 Nissan Rogue SV','Grey','Automatic',NULL,NULL,NULL,'26477139',24900,NULL,'2022-09-12 19:05:11','2022-09-13 21:11:41'),(983,'K63180',NULL,'2015','BMW','3 Series','320i xDrive LOW KMS!',88901,'2015 BMW 3 Series 320i xDrive','White','Automatic',NULL,NULL,NULL,'26692053',24900,NULL,'2022-09-12 19:05:11','2022-09-13 21:11:16'),(984,'K74019',NULL,'2015','Ford','F-150','XLT',195874,'2015 Ford F-150 XLT','Black','Automatic',NULL,NULL,NULL,'26493578',25900,NULL,'2022-09-12 19:05:11','2022-09-13 21:11:08'),(985,'K29452',NULL,'2015','Hyundai','Genesis Coupe','GT Coupe',42309,'2015 Hyundai Genesis Coupe GT Coupe','Blue','Manual',NULL,NULL,NULL,'26562370',24500,NULL,'2022-09-12 19:05:11','2022-09-13 21:11:00'),(986,'K85848',NULL,'2015','Chevrolet','Cruze','1LT',174629,'2015 Chevrolet Cruze 1LT','Tan','Automatic',NULL,NULL,NULL,'26478518',12900,NULL,'2022-09-12 19:05:11','2022-09-13 21:10:49'),(987,'K15845',NULL,'2015','Nissan','Rogue','SV AWD',179936,'2015 Nissan Rogue SV AWD','White','Automatic',NULL,NULL,NULL,'26522011',16900,NULL,'2022-09-12 19:05:11','2022-09-13 21:10:37'),(988,'K33247',NULL,'2014','GMC','Yukon','Denali',165290,'2014 GMC Yukon Denali','Black','Automatic',NULL,NULL,NULL,'25706923',24900,NULL,'2022-09-12 19:05:11','2022-09-13 21:10:26'),(989,'K48610',NULL,'2014','Dodge','Grand Caravan','SXT',132478,'2014 Dodge Grand Caravan SXT','Gold','Automatic',NULL,NULL,NULL,'26546917',16900,NULL,'2022-09-12 19:05:11','2022-09-13 21:10:18'),(990,'K60108',NULL,'2014','Cadillac','Escalade','Luxury',182568,'2014 Cadillac Escalade Luxury','White','Automatic',NULL,NULL,NULL,'26614435',32900,NULL,'2022-09-12 19:05:11','2022-09-13 21:10:07'),(991,'K13749',NULL,'2014','Jeep','Cherokee','Trailhawk',137599,'2014 Jeep Cherokee Trailhawk','Grey','Automatic',NULL,NULL,NULL,'26683625',22900,NULL,'2022-09-12 19:05:11','2022-09-13 21:09:57'),(992,'K13757',NULL,'2013','Ram','1500','Sport',164811,'2013 Ram 1500 Sport','Grey','Automatic',NULL,NULL,NULL,'26480590',22500,NULL,'2022-09-12 19:05:11','2022-09-13 21:09:48'),(993,'K40460',NULL,'2012','Land Rover','Range Rover','Sport',128618,'2012 Land Rover Range Rover Sport Luxury','Black','Automatic',NULL,NULL,NULL,'26321422',22900,NULL,'2022-09-12 19:05:11','2022-09-13 21:09:34'),(994,'K05983',NULL,'2012','Volkswagen','Eos','Highline Convertible LOWK',52171,'2012 Volkswagen Eos Highline Convertible LOW KMS','Black','Automatic',NULL,NULL,NULL,'26578179',19500,NULL,'2022-09-12 19:05:11','2022-09-13 21:09:25'),(995,'K75540',NULL,'2012','GMC','Yukon','SLE',200659,'2012 GMC Yukon SLE','Black','Automatic',NULL,NULL,NULL,'26493520',17500,NULL,'2022-09-12 19:05:11','2022-09-13 21:09:03'),(997,'K62694',NULL,'2020','GMC','Terrain','SLE',33222,'2020 GMC Terrain SLE','Blue','Automatic',NULL,NULL,NULL,'24567853',28900,NULL,'2022-09-12 19:21:39','2022-09-13 21:08:52'),(998,'K84271',NULL,'2018','Chevrolet','Malibu','LT',124308,'2018 Chevrolet Malibu LT','Black','Automatic',NULL,NULL,NULL,'26778315',22900,NULL,'2022-09-12 19:21:39','2022-09-13 21:08:44'),(999,'K01042',NULL,'2018','Chevrolet','Malibu','LT',165225,'2018 Chevrolet Malibu LT','White','Automatic',NULL,NULL,NULL,'26789994',18500,NULL,'2022-09-12 19:21:39','2022-09-13 21:08:30'),(1000,'K18014',NULL,'2018','Chevrolet','Silverado 1500','5.3 L',154607,'2018 Chevrolet Silverado 1500 5.3 L','Black','Automatic',NULL,NULL,NULL,'26778173',27900,NULL,'2022-09-12 19:21:39','2022-09-13 21:08:20'),(1001,'K32166',NULL,'2018','Toyota','Tacoma','SR5',183667,'2018 Toyota Tacoma SR5','White','Automatic',NULL,NULL,NULL,'26778207',31900,NULL,'2022-09-12 19:21:39','2022-09-13 21:08:12'),(1002,'K04948',NULL,'2017','Mitsubishi','Lancer','AWD',177020,'2017 Mitsubishi Lancer AWD','Grey','Automatic',NULL,NULL,NULL,'26789459',14900,NULL,'2022-09-12 19:21:40','2022-09-13 21:08:04'),(1003,'K62030',NULL,'2017','Ford','Super Duty F-350 DRW','XLT FX4 6.7 L DUALLY',172659,'2017 Ford Super Duty F-350 DRW XLT FX4 6.7 L DUALLY','White','Automatic',NULL,NULL,NULL,'25532067',62900,NULL,'2022-09-12 19:21:40','2022-09-13 21:07:51'),(1004,'K69308',NULL,'2016','Nissan','Altima','SV',167215,'2016 Nissan Altima SV','Silver','Automatic',NULL,NULL,NULL,'26778304',16900,NULL,'2022-09-12 19:21:40','2022-09-13 21:07:43'),(1005,'K42954',NULL,'2016','Hyundai','Accent','GL',159216,'2016 Hyundai Accent GL','Black','Automatic',NULL,NULL,NULL,'26789441',12900,NULL,'2022-09-12 19:21:40','2022-09-13 21:07:33'),(1007,'K21673',NULL,'2016','BMW','X4','XDrive 28i',69424,'2016 BMW X4 XDrive 28i','Red','Automatic',NULL,NULL,NULL,'23958297',35900,NULL,'2022-09-12 19:21:40','2022-09-13 21:07:25'),(1008,'K02889',NULL,'2016','Nissan','Titan XD','Pro 4X DIESEL!',169249,'2016 Nissan Titan XD Pro 4X','Black','Automatic',NULL,NULL,NULL,'26778287',27900,NULL,'2022-09-12 19:21:40','2022-09-13 21:07:17'),(1009,'K08960',NULL,'2016','Mercedes-Benz','CLA','CLA 250 4Matic',138065,'2016 Mercedes-Benz CLA CLA 250','Grey','Automatic',NULL,NULL,NULL,'26718424',24900,NULL,'2022-09-12 19:21:40','2022-09-13 21:07:09'),(1010,'K18182',NULL,'2016','Nissan','Rogue','SV AWD',133942,'2016 Nissan Rogue SV','White','Automatic',NULL,NULL,NULL,'23948662',21900,NULL,'2022-09-12 19:21:40','2022-09-13 21:07:01'),(1011,'K66139',NULL,'2015','Volkswagen','Passat','Highline',160351,'2015 Volkswagen Passat Highline','Black','Automatic',NULL,NULL,NULL,'26816676',14500,NULL,'2022-09-12 19:21:40','2022-09-13 21:06:51'),(1012,'K89000',NULL,'2015','BMW','3 Series','335i xDrive M Package!',128888,'2015 BMW 3 Series 335i xDrive M Package!','Black','Automatic',NULL,NULL,NULL,'26778074',28500,NULL,'2022-09-12 19:21:40','2022-09-13 21:06:44'),(1013,'K35706',NULL,'2013','Hyundai','Veloster','Turbo',96022,'2013 Hyundai Veloster Turbo','Red','Automatic',NULL,NULL,NULL,'26743810',14900,NULL,'2022-09-12 19:21:40','2022-09-13 21:06:37'),(1014,'K47690',NULL,'2007','Ford','Escape','XLT',251112,'2007 Ford Escape XLT','Tan','Automatic',NULL,NULL,NULL,'26790867',5900,NULL,'2022-09-12 19:21:40','2022-09-13 21:06:30'),(1015,'K12237',NULL,'2016','Chevrolet','MALIBU LIMITED','Limited LS',153480,'2016 Chevrolet MALIBU LIMITED Limited LS','Grey','Automatic',NULL,NULL,NULL,'25636702',15500,NULL,'2022-09-13 21:05:56','2022-09-13 21:06:16'),(1016,'K71399',NULL,'2011','Ram','1500','Big Horn',250520,'2011 Ram 1500 Big Horn','Red','Automatic',NULL,NULL,NULL,'26842022',11900,NULL,'2022-09-13 21:05:56','2022-09-13 21:06:04');
/*!40000 ALTER TABLE `inventory` ENABLE KEYS */;
UNLOCK TABLES;
commit;

--
-- Table structure for table `migrations`
--

DROP TABLE IF EXISTS `migrations`;
/*!40101 SET @saved_cs_client     = @@character_set_client */;
/*!50503 SET character_set_client = utf8mb4 */;
CREATE TABLE `migrations` (
  `id` int unsigned NOT NULL AUTO_INCREMENT,
  `migration` varchar(255) CHARACTER SET utf8mb4 COLLATE utf8mb4_unicode_ci NOT NULL,
  `batch` int NOT NULL,
  PRIMARY KEY (`id`)
) ENGINE=InnoDB AUTO_INCREMENT=16 DEFAULT CHARSET=utf8mb4 COLLATE=utf8mb4_unicode_ci;
/*!40101 SET character_set_client = @saved_cs_client */;

--
-- Dumping data for table `migrations`
--

LOCK TABLES `migrations` WRITE;
/*!40000 ALTER TABLE `migrations` DISABLE KEYS */;
set autocommit=0;
INSERT INTO `migrations` VALUES (11,'2014_10_12_000000_create_users_table',1),(12,'2014_10_12_100000_create_password_resets_table',1),(13,'2019_08_19_000000_create_failed_jobs_table',1),(14,'2020_03_06_014907_create_inventory_table',1),(15,'2020_03_06_014929_create_images_table',1);
/*!40000 ALTER TABLE `migrations` ENABLE KEYS */;
UNLOCK TABLES;
commit;

--
-- Table structure for table `password_resets`
--

DROP TABLE IF EXISTS `password_resets`;
/*!40101 SET @saved_cs_client     = @@character_set_client */;
/*!50503 SET character_set_client = utf8mb4 */;
CREATE TABLE `password_resets` (
  `email` varchar(255) CHARACTER SET utf8mb4 COLLATE utf8mb4_unicode_ci NOT NULL,
  `token` varchar(255) CHARACTER SET utf8mb4 COLLATE utf8mb4_unicode_ci NOT NULL,
  `created_at` timestamp NULL DEFAULT NULL,
  KEY `password_resets_email_index` (`email`)
) ENGINE=InnoDB DEFAULT CHARSET=utf8mb4 COLLATE=utf8mb4_unicode_ci;
/*!40101 SET character_set_client = @saved_cs_client */;

--
-- Dumping data for table `password_resets`
--

LOCK TABLES `password_resets` WRITE;
/*!40000 ALTER TABLE `password_resets` DISABLE KEYS */;
set autocommit=0;
/*!40000 ALTER TABLE `password_resets` ENABLE KEYS */;
UNLOCK TABLES;
commit;

--
-- Table structure for table `personal_access_tokens`
--

DROP TABLE IF EXISTS `personal_access_tokens`;
/*!40101 SET @saved_cs_client     = @@character_set_client */;
/*!50503 SET character_set_client = utf8mb4 */;
CREATE TABLE `personal_access_tokens` (
  `id` bigint unsigned NOT NULL AUTO_INCREMENT,
  `tokenable_type` varchar(255) COLLATE utf8mb4_unicode_ci NOT NULL,
  `tokenable_id` bigint unsigned NOT NULL,
  `name` varchar(255) COLLATE utf8mb4_unicode_ci NOT NULL,
  `token` varchar(64) COLLATE utf8mb4_unicode_ci NOT NULL,
  `abilities` text COLLATE utf8mb4_unicode_ci,
  `last_used_at` timestamp NULL DEFAULT NULL,
  `expires_at` timestamp NULL DEFAULT NULL,
  `created_at` timestamp NULL DEFAULT NULL,
  `updated_at` timestamp NULL DEFAULT NULL,
  PRIMARY KEY (`id`),
  UNIQUE KEY `personal_access_tokens_token_unique` (`token`),
  KEY `personal_access_tokens_tokenable_type_tokenable_id_index` (`tokenable_type`,`tokenable_id`)
) ENGINE=InnoDB DEFAULT CHARSET=utf8mb4 COLLATE=utf8mb4_unicode_ci;
/*!40101 SET character_set_client = @saved_cs_client */;

--
-- Dumping data for table `personal_access_tokens`
--

LOCK TABLES `personal_access_tokens` WRITE;
/*!40000 ALTER TABLE `personal_access_tokens` DISABLE KEYS */;
set autocommit=0;
/*!40000 ALTER TABLE `personal_access_tokens` ENABLE KEYS */;
UNLOCK TABLES;
commit;

--
-- Table structure for table `users`
--

DROP TABLE IF EXISTS `users`;
/*!40101 SET @saved_cs_client     = @@character_set_client */;
/*!50503 SET character_set_client = utf8mb4 */;
CREATE TABLE `users` (
  `id` bigint unsigned NOT NULL AUTO_INCREMENT,
  `name` varchar(255) CHARACTER SET utf8mb4 COLLATE utf8mb4_unicode_ci NOT NULL,
  `email` varchar(255) CHARACTER SET utf8mb4 COLLATE utf8mb4_unicode_ci NOT NULL,
  `email_verified_at` timestamp NULL DEFAULT NULL,
  `password` text CHARACTER SET utf8mb4 COLLATE utf8mb4_unicode_ci NOT NULL,
  `remember_token` varchar(100) CHARACTER SET utf8mb4 COLLATE utf8mb4_unicode_ci DEFAULT NULL,
  `created_at` timestamp NULL DEFAULT NULL,
  `updated_at` timestamp NULL DEFAULT NULL,
  PRIMARY KEY (`id`),
  UNIQUE KEY `users_email_unique` (`email`)
) ENGINE=InnoDB AUTO_INCREMENT=2 DEFAULT CHARSET=utf8mb4 COLLATE=utf8mb4_unicode_ci;
/*!40101 SET character_set_client = @saved_cs_client */;

--
-- Dumping data for table `users`
--

LOCK TABLES `users` WRITE;
/*!40000 ALTER TABLE `users` DISABLE KEYS */;
set autocommit=0;
INSERT INTO `users` VALUES (1,'admin','contact@k1zautosales.ca','2020-08-22 17:43:42','$2y$10$GAjlVKvygVJOe33obEklVeFxqn62rhyAHihIZxrS.CiMvzgWCfy.q','4W4T0aPRNqvap3viCuiEdsdVHT6oGoHRuO6O1VkLNmfYY1oVZNynScP2oEQl','2020-08-22 17:43:42','2022-09-12 19:03:04');
/*!40000 ALTER TABLE `users` ENABLE KEYS */;
UNLOCK TABLES;
commit;
/*!40103 SET TIME_ZONE=@OLD_TIME_ZONE */;

/*!40101 SET SQL_MODE=@OLD_SQL_MODE */;
/*!40014 SET FOREIGN_KEY_CHECKS=@OLD_FOREIGN_KEY_CHECKS */;
/*!40014 SET UNIQUE_CHECKS=@OLD_UNIQUE_CHECKS */;
/*!40101 SET CHARACTER_SET_CLIENT=@OLD_CHARACTER_SET_CLIENT */;
/*!40101 SET CHARACTER_SET_RESULTS=@OLD_CHARACTER_SET_RESULTS */;
/*!40101 SET COLLATION_CONNECTION=@OLD_COLLATION_CONNECTION */;
/*!40111 SET SQL_NOTES=@OLD_SQL_NOTES */;

-- Dump completed on 2022-09-14 13:29:59
